games_played,player_id,season,min,fgm,fga,fg3m,fg3a,ftm,fta,oreb,dreb,reb,ast,stl,blk,turnover,pf,pts,fg_pct,fg3_pct,ft_pct,id,first_name,height_feet,height_inches,last_name,position,team,weight_pounds
5,2,2021,22:22,3.0,10.6,1.8,5.2,1.6,2.6,0.6,2.8,3.4,2.6,0.8,0.2,1.4,3.0,9.4,0.283,0.346,0.615,2,Jaylen,6.0,2.0,Adams,G,"{'id': 5, 'abbreviation': 'CHI', 'city': 'Chicago', 'conference': 'East', 'division': 'Central', 'full_name': 'Chicago Bulls', 'name': 'Bulls'}",190.0
31,3,2021,25:28,2.65,4.97,0.0,0.0,1.87,3.03,3.94,4.94,8.87,2.74,0.97,0.58,1.68,1.61,7.16,0.532,0.0,0.617,3,Steven,7.0,0.0,Adams,C,"{'id': 15, 'abbreviation': 'MEM', 'city': 'Memphis', 'conference': 'West', 'division': 'Southwest', 'full_name': 'Memphis Grizzlies', 'name': 'Grizzlies'}",265.0
19,4,2021,31:54,6.95,13.21,0.0,0.05,4.58,6.11,2.68,7.21,9.89,3.0,1.11,0.32,2.89,3.16,18.47,0.526,0.0,0.75,4,Bam,6.0,10.0,Adebayo,C-F,"{'id': 16, 'abbreviation': 'MIA', 'city': 'Miami', 'conference': 'East', 'division': 'Southeast', 'full_name': 'Miami Heat', 'name': 'Heat'}",255.0
5,5,2021,27:54,5.6,12.0,1.4,5.0,0.8,1.0,1.4,4.4,5.8,2.0,1.0,0.2,1.2,2.0,13.4,0.467,0.28,0.8,5,DeVaughn,,,Akoon-Purcell,G-F,"{'id': 1, 'abbreviation': 'ATL', 'city': 'Atlanta', 'conference': 'East', 'division': 'Southeast', 'full_name': 'Atlanta Hawks', 'name': 'Hawks'}",
25,6,2021,23:35,5.96,10.4,0.44,1.2,1.6,1.92,1.4,4.28,5.68,0.92,0.4,1.16,0.76,1.68,13.96,0.573,0.367,0.833,6,LaMarcus,6.0,11.0,Aldridge,F,"{'id': 3, 'abbreviation': 'BKN', 'city': 'Brooklyn', 'conference': 'East', 'division': 'Atlantic', 'full_name': 'Brooklyn Nets', 'name': 'Nets'}",260.0
31,8,2021,28:13,4.35,9.97,2.9,6.97,1.03,1.19,0.42,3.0,3.42,1.19,0.77,0.35,0.71,1.45,12.65,0.437,0.417,0.865,8,Grayson,6.0,5.0,Allen,G,"{'id': 17, 'abbreviation': 'MIL', 'city': 'Milwaukee', 'conference': 'East', 'division': 'Central', 'full_name': 'Milwaukee Bucks', 'name': 'Bucks'}",198.0
28,9,2021,32:35,6.82,9.71,0.04,0.21,3.11,4.32,3.25,7.54,10.79,1.96,0.93,1.36,1.96,1.86,16.79,0.702,0.167,0.719,9,Jarrett,6.0,11.0,Allen,C,"{'id': 6, 'abbreviation': 'CLE', 'city': 'Cleveland', 'conference': 'East', 'division': 'Central', 'full_name': 'Cleveland Cavaliers', 'name': 'Cavaliers'}",237.0
1,10,2021,0:00,0.0,0.0,0.0,0.0,0.0,0.0,0.0,0.0,0.0,0.0,0.0,0.0,0.0,0.0,0.0,0.0,0.0,0.0,10,Al-Farouq,6.0,9.0,Aminu,F,"{'id': 27, 'abbreviation': 'SAS', 'city': 'San Antonio', 'conference': 'West', 'division': 'Southwest', 'full_name': 'San Antonio Spurs', 'name': 'Spurs'}",220.0
4,11,2021,19:27,2.75,7.5,0.25,4.0,0.5,0.75,0.75,3.0,3.75,1.0,0.5,2.0,1.0,1.25,6.25,0.367,0.063,0.667,11,Justin,6.0,6.0,Anderson,G-F,"{'id': 11, 'abbreviation': 'HOU', 'city': 'Houston', 'conference': 'West', 'division': 'Southwest', 'full_name': 'Houston Rockets', 'name': 'Rockets'}",230.0
27,12,2021,21:57,3.26,7.56,0.78,2.15,1.11,1.74,0.89,4.48,5.37,2.63,1.19,0.59,1.04,1.41,8.41,0.431,0.362,0.638,12,Kyle,6.0,9.0,Anderson,F,"{'id': 15, 'abbreviation': 'MEM', 'city': 'Memphis', 'conference': 'West', 'division': 'Southwest', 'full_name': 'Memphis Grizzlies', 'name': 'Grizzlies'}",230.0
26,15,2021,32:38,9.54,18.0,1.08,3.85,6.88,10.12,2.04,9.54,11.58,5.81,1.12,1.58,3.31,3.04,27.04,0.53,0.28,0.681,15,Giannis,6.0,11.0,Antetokounmpo,F,"{'id': 17, 'abbreviation': 'MIL', 'city': 'Milwaukee', 'conference': 'East', 'division': 'Central', 'full_name': 'Milwaukee Bucks', 'name': 'Bucks'}",242.0
31,17,2021,27:39,4.52,10.65,2.45,6.06,1.97,2.39,0.74,3.29,4.03,0.97,0.74,0.68,0.81,2.26,13.45,0.424,0.404,0.824,17,Carmelo,,,Anthony,F,"{'id': 14, 'abbreviation': 'LAL', 'city': 'Los Angeles', 'conference': 'West', 'division': 'Pacific', 'full_name': 'Los Angeles Lakers', 'name': 'Lakers'}",
17,18,2021,36:01,7.29,16.82,2.59,6.94,2.24,2.71,1.53,3.65,5.18,2.59,1.41,0.53,1.59,2.71,19.41,0.434,0.373,0.826,18,OG,6.0,8.0,Anunoby,F,"{'id': 28, 'abbreviation': 'TOR', 'city': 'Toronto', 'conference': 'East', 'division': 'Atlantic', 'full_name': 'Toronto Raptors', 'name': 'Raptors'}",232.0
1,19,2021,0:00,0.0,0.0,0.0,0.0,0.0,0.0,0.0,0.0,0.0,0.0,0.0,0.0,0.0,0.0,0.0,0.0,0.0,0.0,19,Ryan,6.0,3.0,Arcidiacono,G,"{'id': 2, 'abbreviation': 'BOS', 'city': 'Boston', 'conference': 'East', 'division': 'Atlantic', 'full_name': 'Boston Celtics', 'name': 'Celtics'}",200.0
2,20,2021,7:37,0.5,0.5,0.5,0.5,0.0,0.0,0.0,0.5,0.5,1.0,0.0,0.0,0.0,0.0,1.5,1.0,1.0,0.0,20,Trevor,6.0,8.0,Ariza,F,"{'id': 14, 'abbreviation': 'LAL', 'city': 'Los Angeles', 'conference': 'West', 'division': 'Pacific', 'full_name': 'Los Angeles Lakers', 'name': 'Lakers'}",215.0
28,21,2021,13:29,1.46,3.43,1.0,2.32,0.79,0.89,0.14,0.82,0.96,2.29,0.32,0.0,1.25,0.57,4.71,0.427,0.431,0.88,21,D.J.,6.0,0.0,Augustin,G,"{'id': 11, 'abbreviation': 'HOU', 'city': 'Houston', 'conference': 'West', 'division': 'Southwest', 'full_name': 'Houston Rockets', 'name': 'Rockets'}",183.0
23,22,2021,28:43,6.96,11.26,0.04,0.3,1.7,2.57,2.61,7.78,10.39,1.52,0.7,0.78,1.74,2.04,15.65,0.618,0.143,0.661,22,Deandre,7.0,1.0,Ayton,C,"{'id': 24, 'abbreviation': 'PHX', 'city': 'Phoenix', 'conference': 'West', 'division': 'Pacific', 'full_name': 'Phoenix Suns', 'name': 'Suns'}",250.0
27,24,2021,10:12,1.74,3.52,0.33,1.19,0.63,1.0,1.11,2.3,3.41,0.3,0.07,0.15,0.3,0.59,4.44,0.495,0.281,0.63,24,Marvin,6.0,11.0,Bagley III,F,"{'id': 26, 'abbreviation': 'SAC', 'city': 'Sacramento', 'conference': 'West', 'division': 'Pacific', 'full_name': 'Sacramento Kings', 'name': 'Kings'}",234.0
28,27,2021,35:33,4.71,11.36,3.07,7.36,0.5,0.68,1.0,4.39,5.39,4.86,1.68,1.0,2.46,2.36,13.0,0.415,0.417,0.737,27,Lonzo,6.0,6.0,Ball,G,"{'id': 5, 'abbreviation': 'CHI', 'city': 'Chicago', 'conference': 'East', 'division': 'Central', 'full_name': 'Chicago Bulls', 'name': 'Bulls'}",190.0
28,28,2021,28:25,4.25,9.18,1.29,3.96,0.64,0.89,2.36,6.29,8.64,1.68,0.71,2.32,1.39,2.54,10.43,0.463,0.324,0.72,28,Mo,7.0,0.0,Bamba,C,"{'id': 22, 'abbreviation': 'ORL', 'city': 'Orlando', 'conference': 'East', 'division': 'Southeast', 'full_name': 'Orlando Magic', 'name': 'Magic'}",221.0
27,30,2021,33:19,5.33,11.78,1.89,4.89,4.89,5.74,1.3,5.11,6.41,2.48,0.85,0.11,1.74,1.3,17.44,0.453,0.386,0.852,30,Harrison,6.0,8.0,Barnes,F,"{'id': 26, 'abbreviation': 'SAC', 'city': 'Sacramento', 'conference': 'West', 'division': 'Pacific', 'full_name': 'Sacramento Kings', 'name': 'Kings'}",225.0
26,31,2021,31:43,5.81,13.31,2.35,6.23,1.0,1.35,0.58,4.35,4.92,4.0,0.81,0.46,1.69,1.35,14.96,0.436,0.377,0.743,31,Will,6.0,6.0,Barton,G,"{'id': 8, 'abbreviation': 'DEN', 'city': 'Denver', 'conference': 'West', 'division': 'Northwest', 'full_name': 'Denver Nuggets', 'name': 'Nuggets'}",190.0
27,32,2021,12:04,1.33,2.78,0.15,0.59,0.44,0.74,0.78,2.3,3.07,0.41,0.37,0.33,0.67,0.78,3.26,0.48,0.25,0.6,32,Keita,6.0,9.0,Bates-Diop,F,"{'id': 27, 'abbreviation': 'SAS', 'city': 'San Antonio', 'conference': 'West', 'division': 'Southwest', 'full_name': 'San Antonio Spurs', 'name': 'Spurs'}",229.0
16,33,2021,26:35,3.38,6.44,2.25,5.0,0.31,0.63,0.44,4.5,4.94,1.5,1.19,0.75,0.88,1.13,9.31,0.524,0.45,0.5,33,Nicolas,6.0,8.0,Batum,F-G,"{'id': 13, 'abbreviation': 'LAC', 'city': 'LA', 'conference': 'West', 'division': 'Pacific', 'full_name': 'LA Clippers', 'name': 'Clippers'}",200.0
30,36,2021,13:06,1.07,3.17,0.57,1.67,0.33,0.43,0.2,1.27,1.47,0.63,0.6,0.17,0.27,1.63,3.03,0.337,0.34,0.769,36,Kent,6.0,5.0,Bazemore,G,"{'id': 14, 'abbreviation': 'LAL', 'city': 'Los Angeles', 'conference': 'West', 'division': 'Pacific', 'full_name': 'Los Angeles Lakers', 'name': 'Lakers'}",201.0
28,37,2021,35:52,9.0,19.75,1.54,5.43,3.75,4.57,1.04,3.61,4.64,5.86,0.82,0.32,3.43,2.29,23.29,0.456,0.283,0.82,37,Bradley,6.0,5.0,Beal,G,"{'id': 30, 'abbreviation': 'WAS', 'city': 'Washington', 'conference': 'East', 'division': 'Southeast', 'full_name': 'Washington Wizards', 'name': 'Wizards'}",207.0
31,38,2021,25:47,3.94,10.9,2.61,7.94,0.58,0.81,0.35,2.74,3.1,1.77,0.65,0.16,0.68,1.19,11.06,0.361,0.329,0.72,38,Malik,6.0,5.0,Beasley,G,"{'id': 18, 'abbreviation': 'MIN', 'city': 'Minnesota', 'conference': 'West', 'division': 'Northwest', 'full_name': 'Minnesota Timberwolves', 'name': 'Timberwolves'}",195.0
5,39,2021,22:41,4.4,10.0,1.8,4.0,0.8,1.0,0.2,3.4,3.6,1.8,1.6,0.8,0.8,2.8,11.4,0.44,0.45,0.8,39,Michael,6.0,9.0,Beasley,F,"{'id': 25, 'abbreviation': 'POR', 'city': 'Portland', 'conference': 'West', 'division': 'Northwest', 'full_name': 'Portland Trail Blazers', 'name': 'Trail Blazers'}",235.0
6,41,2021,6:38,0.83,1.0,0.0,0.0,0.0,0.0,0.33,0.5,0.83,0.5,0.33,0.17,0.83,0.33,1.67,0.833,0.0,0.0,41,Jordan,6.0,9.0,Bell,F,"{'id': 10, 'abbreviation': 'GSW', 'city': 'Golden State', 'conference': 'West', 'division': 'Pacific', 'full_name': 'Golden State Warriors', 'name': 'Warriors'}",224.0
27,42,2021,18:50,2.33,4.15,0.33,0.81,0.37,0.78,0.74,2.44,3.19,1.07,0.85,0.48,0.7,2.19,5.37,0.562,0.409,0.476,42,DeAndre',6.0,6.0,Bembry,F,"{'id': 3, 'abbreviation': 'BKN', 'city': 'Brooklyn', 'conference': 'East', 'division': 'Atlantic', 'full_name': 'Brooklyn Nets', 'name': 'Nets'}",210.0
21,44,2021,15:50,1.71,5.14,1.24,4.14,1.0,1.1,0.14,1.62,1.76,0.48,0.38,0.14,0.38,1.67,5.67,0.333,0.299,0.913,44,Davis,6.0,10.0,Bertans,F,"{'id': 30, 'abbreviation': 'WAS', 'city': 'Washington', 'conference': 'East', 'division': 'Southeast', 'full_name': 'Washington Wizards', 'name': 'Wizards'}",225.0
23,45,2021,26:04,3.22,7.39,1.22,3.87,0.91,1.3,1.22,3.17,4.39,4.78,0.96,0.87,1.22,3.0,8.57,0.435,0.315,0.7,45,Patrick,6.0,1.0,Beverley,G,"{'id': 18, 'abbreviation': 'MIN', 'city': 'Minnesota', 'conference': 'West', 'division': 'Northwest', 'full_name': 'Minnesota Timberwolves', 'name': 'Timberwolves'}",185.0
16,46,2021,21:30,2.5,5.0,0.0,0.38,1.5,2.06,3.0,2.31,5.31,1.25,0.94,0.44,0.63,1.69,6.5,0.5,0.0,0.727,46,Khem,6.0,9.0,Birch,C,"{'id': 28, 'abbreviation': 'TOR', 'city': 'Toronto', 'conference': 'East', 'division': 'Atlantic', 'full_name': 'Toronto Raptors', 'name': 'Raptors'}",233.0
31,49,2021,14:46,2.42,5.19,1.03,2.48,0.81,1.19,0.9,2.94,3.84,1.81,0.58,0.32,1.03,1.45,6.68,0.466,0.416,0.676,49,Nemanja,6.0,10.0,Bjelica,F,"{'id': 10, 'abbreviation': 'GSW', 'city': 'Golden State', 'conference': 'West', 'division': 'Pacific', 'full_name': 'Golden State Warriors', 'name': 'Warriors'}",234.0
5,152,2021,11:10,1.4,3.6,0.0,0.2,0.6,1.2,1.6,3.4,5.0,0.0,0.6,0.8,0.8,1.6,3.4,0.389,0.0,0.5,152,Kenneth,6.0,8.0,Faried,F-C,"{'id': 25, 'abbreviation': 'POR', 'city': 'Portland', 'conference': 'West', 'division': 'Northwest', 'full_name': 'Portland Trail Blazers', 'name': 'Trail Blazers'}",220.0
23,153,2021,15:44,2.43,4.78,0.09,0.39,0.43,0.78,1.3,3.48,4.78,0.57,0.43,0.17,0.26,1.35,5.39,0.509,0.222,0.556,153,Derrick,6.0,10.0,Favors,F-C,"{'id': 21, 'abbreviation': 'OKC', 'city': 'Oklahoma City', 'conference': 'West', 'division': 'Northwest', 'full_name': 'Oklahoma City Thunder', 'name': 'Thunder'}",265.0
29,158,2021,32:16,3.66,8.14,1.83,4.83,0.66,1.07,1.72,2.97,4.69,1.79,1.41,0.52,0.93,2.28,9.79,0.449,0.379,0.613,158,Dorian,6.0,8.0,Finney-Smith,F,"{'id': 7, 'abbreviation': 'DAL', 'city': 'Dallas', 'conference': 'West', 'division': 'Southwest', 'full_name': 'Dallas Mavericks', 'name': 'Mavericks'}",220.0
30,159,2021,14:10,2.83,6.0,1.33,3.07,0.83,0.97,0.1,1.0,1.1,0.7,0.37,0.07,0.87,0.77,7.83,0.472,0.435,0.862,159,Bryn,6.0,3.0,Forbes,G,"{'id': 27, 'abbreviation': 'SAS', 'city': 'San Antonio', 'conference': 'West', 'division': 'Southwest', 'full_name': 'San Antonio Spurs', 'name': 'Spurs'}",190.0
30,160,2021,28:34,4.77,11.27,2.47,6.6,1.07,1.4,0.43,2.3,2.73,1.7,0.9,0.27,1.37,1.87,13.07,0.423,0.374,0.762,160,Evan,6.0,7.0,Fournier,G-F,"{'id': 20, 'abbreviation': 'NYK', 'city': 'New York', 'conference': 'East', 'division': 'Atlantic', 'full_name': 'New York Knicks', 'name': 'Knicks'}",205.0
30,161,2021,33:53,7.77,17.23,1.03,4.03,4.2,5.67,0.53,3.2,3.73,4.97,1.37,0.43,2.7,2.77,20.77,0.451,0.256,0.741,161,De'Aaron,6.0,3.0,Fox,G,"{'id': 26, 'abbreviation': 'SAC', 'city': 'Sacramento', 'conference': 'West', 'division': 'Pacific', 'full_name': 'Sacramento Kings', 'name': 'Kings'}",175.0
1,166,2021,7:59,0.0,4.0,0.0,0.0,2.0,2.0,2.0,2.0,4.0,2.0,0.0,0.0,1.0,1.0,2.0,0.0,0.0,1.0,166,Wenyen,6.0,9.0,Gabriel,F,"{'id': 19, 'abbreviation': 'NOP', 'city': 'New Orleans', 'conference': 'West', 'division': 'Southwest', 'full_name': 'New Orleans Pelicans', 'name': 'Pelicans'}",205.0
27,167,2021,21:51,3.15,7.56,1.56,3.78,1.89,2.04,0.56,3.33,3.89,1.3,0.48,0.22,0.44,1.41,9.74,0.417,0.412,0.927,167,Danilo,6.0,10.0,Gallinari,F,"{'id': 1, 'abbreviation': 'ATL', 'city': 'Atlanta', 'conference': 'East', 'division': 'Southeast', 'full_name': 'Atlanta Hawks', 'name': 'Hawks'}",225.0
3,168,2021,13:42,1.0,3.67,0.33,2.33,0.0,0.0,0.67,1.67,2.33,1.0,0.0,0.33,0.67,0.67,2.33,0.273,0.143,0.0,168,Langston,6.0,2.0,Galloway,G,"{'id': 3, 'abbreviation': 'BKN', 'city': 'Brooklyn', 'conference': 'East', 'division': 'Atlantic', 'full_name': 'Brooklyn Nets', 'name': 'Nets'}",200.0
15,171,2021,19:11,3.07,7.07,1.8,4.73,1.0,1.4,0.73,4.13,4.87,1.0,0.47,0.2,0.87,1.47,8.93,0.434,0.38,0.714,171,Rudy,6.0,8.0,Gay,F,"{'id': 29, 'abbreviation': 'UTA', 'city': 'Utah', 'conference': 'West', 'division': 'Northwest', 'full_name': 'Utah Jazz', 'name': 'Jazz'}",230.0
24,172,2021,35:52,9.17,21.71,2.67,8.38,3.96,4.5,0.42,6.92,7.33,5.42,1.88,0.38,4.25,2.58,24.96,0.422,0.318,0.88,172,Paul,6.0,9.0,George,F,"{'id': 13, 'abbreviation': 'LAC', 'city': 'LA', 'conference': 'West', 'division': 'Pacific', 'full_name': 'LA Clippers', 'name': 'Clippers'}",220.0
23,173,2021,11:20,0.74,1.83,0.04,0.35,0.39,0.48,1.0,1.57,2.57,0.39,0.26,0.65,0.57,1.83,1.91,0.405,0.125,0.818,173,Taj,6.0,9.0,Gibson,F,"{'id': 20, 'abbreviation': 'NYK', 'city': 'New York', 'conference': 'East', 'division': 'Atlantic', 'full_name': 'New York Knicks', 'name': 'Knicks'}",232.0
1,174,2021,16:04,3.0,7.0,0.0,0.0,2.0,2.0,3.0,9.0,12.0,1.0,0.0,0.0,3.0,3.0,8.0,0.429,0.0,1.0,174,Harry,6.0,10.0,Giles III,F-C,"{'id': 13, 'abbreviation': 'LAC', 'city': 'LA', 'conference': 'West', 'division': 'Pacific', 'full_name': 'LA Clippers', 'name': 'Clippers'}",240.0
26,175,2021,34:12,7.19,17.42,1.92,6.27,4.77,5.88,0.54,3.96,4.5,4.88,0.88,0.65,2.42,2.15,21.08,0.413,0.307,0.81,175,Shai,6.0,6.0,Gilgeous-Alexander,G,"{'id': 21, 'abbreviation': 'OKC', 'city': 'Oklahoma City', 'conference': 'West', 'division': 'Northwest', 'full_name': 'Oklahoma City Thunder', 'name': 'Thunder'}",181.0
30,176,2021,30:39,5.27,7.13,0.0,0.03,4.1,6.1,3.0,11.3,14.3,1.0,0.73,2.2,1.73,2.5,14.63,0.738,0.0,0.672,176,Rudy,7.0,1.0,Gobert,C,"{'id': 29, 'abbreviation': 'UTA', 'city': 'Utah', 'conference': 'West', 'division': 'Northwest', 'full_name': 'Utah Jazz', 'name': 'Jazz'}",245.0
30,177,2021,32:11,5.27,10.23,1.03,3.0,2.33,3.17,1.8,3.7,5.5,2.3,0.6,0.73,1.57,2.03,13.9,0.515,0.344,0.737,177,Aaron,6.0,9.0,Gordon,F,"{'id': 8, 'abbreviation': 'DEN', 'city': 'Denver', 'conference': 'West', 'division': 'Northwest', 'full_name': 'Denver Nuggets', 'name': 'Nuggets'}",220.0
25,178,2021,29:48,5.28,10.92,2.36,5.32,1.92,2.72,0.24,1.56,1.8,3.2,0.64,0.52,2.56,1.16,14.84,0.484,0.444,0.706,178,Eric,6.0,4.0,Gordon,G,"{'id': 11, 'abbreviation': 'HOU', 'city': 'Houston', 'conference': 'West', 'division': 'Southwest', 'full_name': 'Houston Rockets', 'name': 'Rockets'}",215.0
29,180,2021,30:57,4.55,12.07,3.0,8.07,1.48,1.9,0.52,2.0,2.52,4.34,1.21,0.07,1.69,1.41,13.59,0.377,0.372,0.782,180,Devonte',6.0,2.0,Graham,G,"{'id': 19, 'abbreviation': 'NOP', 'city': 'New Orleans', 'conference': 'West', 'division': 'Southwest', 'full_name': 'New Orleans Pelicans', 'name': 'Pelicans'}",185.0
24,182,2021,33:11,6.58,15.92,1.75,5.29,5.17,6.08,0.96,3.88,4.83,2.58,1.13,1.13,2.13,2.25,20.08,0.414,0.331,0.849,182,Jerami,6.0,9.0,Grant,F,"{'id': 9, 'abbreviation': 'DET', 'city': 'Detroit', 'conference': 'East', 'division': 'Central', 'full_name': 'Detroit Pistons', 'name': 'Pistons'}",220.0
24,184,2021,23:40,2.33,5.71,1.83,4.88,0.25,0.25,0.58,2.0,2.58,1.13,1.38,0.75,0.96,1.83,6.75,0.409,0.376,1.0,184,Danny,6.0,6.0,Green,G-F,"{'id': 23, 'abbreviation': 'PHI', 'city': 'Philadelphia', 'conference': 'East', 'division': 'Atlantic', 'full_name': 'Philadelphia 76ers', 'name': '76ers'}",215.0
29,185,2021,29:45,3.24,5.86,0.31,1.07,1.34,2.24,1.17,6.55,7.72,7.03,1.31,0.93,3.0,2.79,8.14,0.553,0.29,0.6,185,Draymond,6.0,7.0,Green,F,"{'id': 10, 'abbreviation': 'GSW', 'city': 'Golden State', 'conference': 'West', 'division': 'Pacific', 'full_name': 'Golden State Warriors', 'name': 'Warriors'}",230.0
26,187,2021,14:28,2.12,5.19,0.54,2.46,0.73,0.92,0.96,2.5,3.46,0.88,0.81,0.5,1.0,2.19,5.5,0.407,0.219,0.792,187,JaMychal,6.0,9.0,Green,F,"{'id': 8, 'abbreviation': 'DEN', 'city': 'Denver', 'conference': 'West', 'division': 'Northwest', 'full_name': 'Denver Nuggets', 'name': 'Nuggets'}",227.0
30,188,2021,24:54,3.43,6.93,0.8,2.33,2.17,2.6,0.4,2.6,3.0,1.2,0.3,0.53,1.03,2.23,9.83,0.495,0.343,0.833,188,Jeff,6.0,9.0,Green,F,"{'id': 8, 'abbreviation': 'DEN', 'city': 'Denver', 'conference': 'West', 'division': 'Northwest', 'full_name': 'Denver Nuggets', 'name': 'Nuggets'}",235.0
29,189,2021,16:45,1.86,5.03,0.52,2.62,0.86,1.21,0.86,2.93,3.79,1.69,0.45,0.38,0.45,1.86,5.1,0.37,0.197,0.714,189,Blake,6.0,10.0,Griffin,F,"{'id': 3, 'abbreviation': 'BKN', 'city': 'Brooklyn', 'conference': 'East', 'division': 'Atlantic', 'full_name': 'Brooklyn Nets', 'name': 'Nets'}",250.0
4,190,2021,6:36,0.25,2.25,0.0,1.0,0.0,0.0,0.5,2.75,3.25,1.0,0.5,0.0,0.0,0.5,0.5,0.111,0.0,0.0,190,Daniel,,,Hamilton,G-F,"{'id': 8, 'abbreviation': 'DEN', 'city': 'Denver', 'conference': 'West', 'division': 'Northwest', 'full_name': 'Denver Nuggets', 'name': 'Nuggets'}",
29,191,2021,31:41,5.28,13.48,2.52,7.59,1.79,2.41,0.38,3.62,4.0,2.41,1.0,0.14,0.66,1.9,14.86,0.391,0.332,0.743,191,Tim,6.0,6.0,Hardaway Jr.,G,"{'id': 7, 'abbreviation': 'DAL', 'city': 'Dallas', 'conference': 'West', 'division': 'Southwest', 'full_name': 'Dallas Mavericks', 'name': 'Mavericks'}",205.0
26,192,2021,36:12,5.92,14.65,2.46,7.31,6.54,7.38,0.88,7.04,7.92,9.62,1.38,0.65,5.0,2.38,20.85,0.404,0.337,0.885,192,James,6.0,5.0,Harden,G,"{'id': 3, 'abbreviation': 'BKN', 'city': 'Brooklyn', 'conference': 'East', 'division': 'Atlantic', 'full_name': 'Brooklyn Nets', 'name': 'Nets'}",220.0
27,193,2021,15:42,1.15,2.93,0.41,1.74,0.3,0.44,0.11,1.89,2.0,0.41,0.48,0.37,0.41,1.37,3.0,0.392,0.234,0.667,193,Maurice,6.0,9.0,Harkless,F,"{'id': 26, 'abbreviation': 'SAC', 'city': 'Sacramento', 'conference': 'West', 'division': 'Pacific', 'full_name': 'Sacramento Kings', 'name': 'Kings'}",220.0
31,194,2021,25:45,5.48,8.55,0.1,0.29,3.39,4.65,2.23,5.32,7.55,2.19,0.52,0.65,1.23,1.94,14.45,0.642,0.333,0.729,194,Montrezl,6.0,8.0,Harrell,F-C,"{'id': 30, 'abbreviation': 'WAS', 'city': 'Washington', 'conference': 'East', 'division': 'Southeast', 'full_name': 'Washington Wizards', 'name': 'Wizards'}",240.0
25,196,2021,26:52,3.52,8.12,1.2,3.72,0.8,1.04,0.84,1.56,2.4,1.84,0.64,0.2,1.16,1.64,9.04,0.433,0.323,0.769,196,Gary,6.0,4.0,Harris,G,"{'id': 22, 'abbreviation': 'ORL', 'city': 'Orlando', 'conference': 'East', 'division': 'Southeast', 'full_name': 'Orlando Magic', 'name': 'Magic'}",210.0
14,197,2021,29:50,4.0,8.86,2.93,6.29,0.36,0.43,0.36,3.64,4.0,1.0,0.5,0.14,1.14,2.21,11.29,0.452,0.466,0.833,197,Joe,6.0,6.0,Harris,F-G,"{'id': 3, 'abbreviation': 'BKN', 'city': 'Brooklyn', 'conference': 'East', 'division': 'Atlantic', 'full_name': 'Brooklyn Nets', 'name': 'Nets'}",218.0
2,199,2021,16:12,2.0,5.5,0.0,1.0,0.5,1.5,0.5,1.5,2.0,2.0,1.0,1.0,1.0,1.5,4.5,0.364,0.0,0.333,199,Shaquille,6.0,4.0,Harrison,G,"{'id': 3, 'abbreviation': 'BKN', 'city': 'Brooklyn', 'conference': 'East', 'division': 'Atlantic', 'full_name': 'Brooklyn Nets', 'name': 'Nets'}",190.0
31,201,2021,15:50,3.13,4.74,0.06,0.1,1.03,1.65,1.81,2.74,4.55,1.84,0.74,1.23,1.06,2.45,7.35,0.66,0.667,0.627,201,Isaiah,7.0,0.0,Hartenstein,F-C,"{'id': 13, 'abbreviation': 'LAC', 'city': 'LA', 'conference': 'West', 'division': 'Pacific', 'full_name': 'LA Clippers', 'name': 'Clippers'}",249.0
25,202,2021,31:01,4.16,8.36,0.76,2.44,1.96,2.56,1.28,5.88,7.16,4.2,0.84,0.28,1.76,2.8,11.04,0.498,0.311,0.766,202,Josh,6.0,5.0,Hart,G,"{'id': 19, 'abbreviation': 'NOP', 'city': 'New Orleans', 'conference': 'West', 'division': 'Southwest', 'full_name': 'New Orleans Pelicans', 'name': 'Pelicans'}",215.0
31,203,2021,0:44,0.1,0.19,0.0,0.03,0.0,0.0,0.03,0.16,0.19,0.03,0.0,0.03,0.0,0.16,0.19,0.5,0.0,0.0,203,Udonis,6.0,8.0,Haslem,F,"{'id': 16, 'abbreviation': 'MIA', 'city': 'Miami', 'conference': 'East', 'division': 'Southeast', 'full_name': 'Miami Heat', 'name': 'Heat'}",235.0
33,204,2021,33:11,6.15,13.36,1.82,4.58,3.27,3.85,0.85,3.85,4.7,3.76,0.73,0.58,1.88,1.7,17.39,0.46,0.397,0.85,204,Gordon,6.0,8.0,Hayward,F,"{'id': 4, 'abbreviation': 'CHA', 'city': 'Charlotte', 'conference': 'East', 'division': 'Southeast', 'full_name': 'Charlotte Hornets', 'name': 'Hornets'}",225.0
29,206,2021,2:45,0.17,0.69,0.07,0.45,0.28,0.31,0.31,0.41,0.72,0.03,0.14,0.03,0.24,0.21,0.69,0.25,0.154,0.889,206,Juancho,6.0,9.0,Hernangomez,F,"{'id': 2, 'abbreviation': 'BOS', 'city': 'Boston', 'conference': 'East', 'division': 'Atlantic', 'full_name': 'Boston Celtics', 'name': 'Celtics'}",230.0
32,207,2021,7:54,1.75,2.78,0.06,0.06,0.72,1.03,1.28,2.31,3.59,0.72,0.19,0.16,0.53,1.19,4.28,0.629,1.0,0.697,207,Willy,6.0,11.0,Hernangomez,C,"{'id': 19, 'abbreviation': 'NOP', 'city': 'New Orleans', 'conference': 'West', 'division': 'Southwest', 'full_name': 'New Orleans Pelicans', 'name': 'Pelicans'}",240.0
5,209,2021,16:04,3.4,5.8,0.2,0.8,0.6,1.4,2.8,2.8,5.6,1.2,0.8,1.0,1.0,4.0,7.6,0.586,0.25,0.429,209,Isaiah,6.0,9.0,Hicks,F,"{'id': 13, 'abbreviation': 'LAC', 'city': 'LA', 'conference': 'West', 'division': 'Pacific', 'full_name': 'LA Clippers', 'name': 'Clippers'}",230.0
32,210,2021,28:43,5.34,13.66,3.66,9.84,1.59,1.84,0.69,3.19,3.88,2.16,0.81,0.25,1.59,2.06,15.94,0.391,0.371,0.864,210,Buddy,6.0,4.0,Hield,G,"{'id': 26, 'abbreviation': 'SAC', 'city': 'Sacramento', 'conference': 'West', 'division': 'Pacific', 'full_name': 'Sacramento Kings', 'name': 'Kings'}",214.0
26,211,2021,26:22,2.81,6.15,0.88,2.81,1.19,1.27,0.88,2.54,3.42,2.54,0.81,0.12,1.15,1.62,7.69,0.456,0.315,0.939,211,George,6.0,3.0,Hill,G,"{'id': 17, 'abbreviation': 'MIL', 'city': 'Milwaukee', 'conference': 'East', 'division': 'Central', 'full_name': 'Milwaukee Bucks', 'name': 'Bucks'}",188.0
25,212,2021,6:09,0.16,0.92,0.12,0.64,0.0,0.0,0.32,0.76,1.08,0.52,0.16,0.12,0.08,0.68,0.44,0.174,0.188,0.0,212,Solomon,6.0,7.0,Hill,F,"{'id': 1, 'abbreviation': 'ATL', 'city': 'Atlanta', 'conference': 'East', 'division': 'Southeast', 'full_name': 'Atlanta Hawks', 'name': 'Hawks'}",225.0
30,213,2021,16:03,2.43,5.17,0.5,1.43,0.63,0.8,0.13,1.47,1.6,1.73,0.53,0.27,0.97,1.6,6.0,0.471,0.349,0.792,213,Aaron,6.0,1.0,Holiday,G,"{'id': 30, 'abbreviation': 'WAS', 'city': 'Washington', 'conference': 'East', 'division': 'Southeast', 'full_name': 'Washington Wizards', 'name': 'Wizards'}",185.0
26,214,2021,31:28,6.88,14.38,1.62,4.58,1.27,1.88,0.77,3.5,4.27,6.19,1.31,0.46,2.5,1.88,16.65,0.479,0.353,0.673,214,Jrue,6.0,4.0,Holiday,G,"{'id': 17, 'abbreviation': 'MIL', 'city': 'Milwaukee', 'conference': 'East', 'division': 'Central', 'full_name': 'Milwaukee Bucks', 'name': 'Bucks'}",205.0
25,215,2021,27:43,3.56,9.04,2.36,6.68,0.48,0.6,0.28,2.48,2.76,1.6,0.52,0.32,0.84,2.08,9.96,0.394,0.353,0.8,215,Justin,6.0,6.0,Holiday,F-G,"{'id': 12, 'abbreviation': 'IND', 'city': 'Indiana', 'conference': 'East', 'division': 'Central', 'full_name': 'Indiana Pacers', 'name': 'Pacers'}",181.0
23,217,2021,26:41,5.78,8.22,0.09,0.17,2.09,2.61,2.7,6.57,9.26,1.3,0.26,0.91,1.35,2.91,13.74,0.704,0.5,0.8,217,Richaun,6.0,10.0,Holmes,F-C,"{'id': 26, 'abbreviation': 'SAC', 'city': 'Sacramento', 'conference': 'West', 'division': 'Pacific', 'full_name': 'Sacramento Kings', 'name': 'Kings'}",235.0
28,218,2021,13:30,1.07,3.0,0.57,1.86,0.43,0.43,0.36,1.39,1.75,0.71,0.29,0.04,0.14,0.79,3.14,0.357,0.308,1.0,218,Rodney,6.0,8.0,Hood,G,"{'id': 17, 'abbreviation': 'MIL', 'city': 'Milwaukee', 'conference': 'East', 'division': 'Central', 'full_name': 'Milwaukee Bucks', 'name': 'Bucks'}",206.0
25,219,2021,29:10,4.36,9.68,1.28,4.36,1.92,2.24,1.52,6.28,7.8,3.4,0.76,1.4,1.04,2.2,11.92,0.45,0.294,0.857,219,Al,6.0,10.0,Horford,C-F,"{'id': 2, 'abbreviation': 'BOS', 'city': 'Boston', 'conference': 'East', 'division': 'Atlantic', 'full_name': 'Boston Celtics', 'name': 'Celtics'}",245.0
26,220,2021,14:31,1.73,2.77,0.23,0.31,1.08,1.77,1.5,3.65,5.15,0.46,0.85,0.69,0.88,1.73,4.77,0.625,0.75,0.609,220,Dwight,6.0,11.0,Howard,C,"{'id': 14, 'abbreviation': 'LAL', 'city': 'Los Angeles', 'conference': 'West', 'division': 'Pacific', 'full_name': 'Los Angeles Lakers', 'name': 'Lakers'}",265.0
28,221,2021,27:38,4.18,9.04,1.75,4.61,0.43,0.5,0.39,2.93,3.32,2.68,0.43,0.25,1.32,1.89,10.54,0.462,0.38,0.857,221,Kevin,6.0,7.0,Huerter,G,"{'id': 1, 'abbreviation': 'ATL', 'city': 'Atlanta', 'conference': 'East', 'division': 'Southeast', 'full_name': 'Atlanta Hawks', 'name': 'Hawks'}",190.0
23,222,2021,1:37,0.17,0.35,0.04,0.09,0.09,0.09,0.04,0.3,0.35,0.13,0.04,0.0,0.17,0.13,0.48,0.5,0.5,1.0,222,Chandler,6.0,7.0,Hutchison,F,"{'id': 24, 'abbreviation': 'PHX', 'city': 'Phoenix', 'conference': 'West', 'division': 'Pacific', 'full_name': 'Phoenix Suns', 'name': 'Suns'}",197.0
14,223,2021,10:59,1.21,3.36,0.57,1.43,0.36,0.57,0.86,1.57,2.43,0.93,0.14,0.21,0.43,1.5,3.36,0.362,0.4,0.625,223,Serge,6.0,10.0,Ibaka,F-C,"{'id': 13, 'abbreviation': 'LAC', 'city': 'LA', 'conference': 'West', 'division': 'Pacific', 'full_name': 'LA Clippers', 'name': 'Clippers'}",235.0
16,224,2021,19:34,1.56,4.06,0.44,2.5,0.38,0.5,0.69,3.06,3.75,3.5,0.69,0.75,0.69,1.0,3.94,0.385,0.175,0.75,224,Andre,6.0,6.0,Iguodala,G-F,"{'id': 10, 'abbreviation': 'GSW', 'city': 'Golden State', 'conference': 'West', 'division': 'Pacific', 'full_name': 'Golden State Warriors', 'name': 'Warriors'}",215.0
30,226,2021,23:56,2.63,5.9,1.9,4.73,0.33,0.43,0.4,2.53,2.93,3.33,0.5,0.13,1.07,1.73,7.5,0.446,0.401,0.769,226,Joe,6.0,8.0,Ingles,F,"{'id': 29, 'abbreviation': 'UTA', 'city': 'Utah', 'conference': 'West', 'division': 'Northwest', 'full_name': 'Utah Jazz', 'name': 'Jazz'}",226.0
25,227,2021,35:05,8.4,18.68,1.72,4.8,4.44,5.36,0.72,5.28,6.0,4.8,0.72,0.36,2.96,2.08,22.96,0.45,0.358,0.828,227,Brandon,6.0,9.0,Ingram,F,"{'id': 19, 'abbreviation': 'NOP', 'city': 'New Orleans', 'conference': 'West', 'division': 'Southwest', 'full_name': 'New Orleans Pelicans', 'name': 'Pelicans'}",190.0
1,230,2021,9:26,0.0,1.0,0.0,0.0,1.0,2.0,0.0,3.0,3.0,1.0,0.0,1.0,1.0,0.0,1.0,0.0,0.0,0.5,230,Wes,6.0,7.0,Iwundu,F,"{'id': 4, 'abbreviation': 'CHA', 'city': 'Charlotte', 'conference': 'East', 'division': 'Southeast', 'full_name': 'Charlotte Hornets', 'name': 'Hornets'}",195.0
30,231,2021,26:54,5.63,13.17,1.97,5.9,3.17,3.73,1.07,4.17,5.23,1.0,0.83,1.9,1.6,3.47,16.4,0.428,0.333,0.848,231,Jaren,6.0,11.0,Jackson Jr.,F-C,"{'id': 15, 'abbreviation': 'MEM', 'city': 'Memphis', 'conference': 'West', 'division': 'Southwest', 'full_name': 'Memphis Grizzlies', 'name': 'Grizzlies'}",242.0
29,233,2021,22:10,3.72,9.03,1.9,5.72,1.34,1.59,0.28,1.17,1.45,0.83,0.45,0.17,0.9,1.52,10.69,0.412,0.331,0.848,233,Frank,6.0,3.0,Jackson,G,"{'id': 9, 'abbreviation': 'DET', 'city': 'Detroit', 'conference': 'East', 'division': 'Central', 'full_name': 'Detroit Pistons', 'name': 'Pistons'}",205.0
29,234,2021,14:42,1.93,4.86,0.62,2.21,0.79,1.14,0.38,2.17,2.55,1.24,0.34,0.34,0.83,1.41,5.28,0.397,0.281,0.697,234,Josh,6.0,8.0,Jackson,F,"{'id': 9, 'abbreviation': 'DET', 'city': 'Detroit', 'conference': 'East', 'division': 'Central', 'full_name': 'Detroit Pistons', 'name': 'Pistons'}",200.0
1,235,2021,0:00,0.0,0.0,0.0,0.0,0.0,0.0,0.0,0.0,0.0,0.0,0.0,0.0,0.0,0.0,0.0,0.0,0.0,0.0,235,Justin,6.0,8.0,Jackson,F,"{'id': 2, 'abbreviation': 'BOS', 'city': 'Boston', 'conference': 'East', 'division': 'Atlantic', 'full_name': 'Boston Celtics', 'name': 'Celtics'}",210.0
31,236,2021,32:12,6.52,16.52,2.65,7.9,1.48,1.84,0.55,2.81,3.35,4.23,0.68,0.16,2.06,1.74,17.16,0.395,0.335,0.807,236,Reggie,6.0,3.0,Jackson,G,"{'id': 13, 'abbreviation': 'LAC', 'city': 'LA', 'conference': 'West', 'division': 'Pacific', 'full_name': 'LA Clippers', 'name': 'Clippers'}",208.0
4,301,2021,14:00,1.0,2.75,0.5,2.0,0.0,0.5,0.25,1.0,1.25,0.25,0.5,0.25,0.5,1.5,2.5,0.364,0.25,0.0,301,Wesley,,,Matthews,G-F,"{'id': 17, 'abbreviation': 'MIL', 'city': 'Milwaukee', 'conference': 'East', 'division': 'Central', 'full_name': 'Milwaukee Bucks', 'name': 'Bucks'}",
25,303,2021,34:23,7.84,18.44,3.16,8.0,1.4,2.0,1.08,2.92,4.0,4.36,1.04,0.68,1.88,2.04,20.24,0.425,0.395,0.7,303,CJ,6.0,3.0,McCollum,G,"{'id': 25, 'abbreviation': 'POR', 'city': 'Portland', 'conference': 'West', 'division': 'Northwest', 'full_name': 'Portland Trail Blazers', 'name': 'Trail Blazers'}",190.0
24,304,2021,24:11,3.79,7.54,0.29,1.04,0.5,0.63,0.79,2.54,3.33,4.79,1.04,0.38,1.17,1.79,8.38,0.503,0.28,0.8,304,T.J.,6.0,2.0,McConnell,G,"{'id': 12, 'abbreviation': 'IND', 'city': 'Indiana', 'conference': 'East', 'division': 'Central', 'full_name': 'Indiana Pacers', 'name': 'Pacers'}",190.0
23,305,2021,24:54,4.3,9.35,1.96,5.0,0.61,0.74,0.48,1.87,2.35,1.3,0.17,0.09,0.65,1.39,11.17,0.46,0.391,0.824,305,Doug,6.0,8.0,McDermott,F,"{'id': 27, 'abbreviation': 'SAS', 'city': 'San Antonio', 'conference': 'West', 'division': 'Southwest', 'full_name': 'San Antonio Spurs', 'name': 'Spurs'}",225.0
30,306,2021,15:48,4.67,7.03,0.03,0.13,1.47,2.13,2.47,4.83,7.3,0.67,0.33,0.8,1.53,2.53,10.83,0.664,0.25,0.688,306,JaVale,7.0,0.0,McGee,C,"{'id': 24, 'abbreviation': 'PHX', 'city': 'Phoenix', 'conference': 'West', 'division': 'Pacific', 'full_name': 'Phoenix Suns', 'name': 'Suns'}",270.0
29,307,2021,3:17,0.34,0.86,0.07,0.38,0.07,0.07,0.24,0.45,0.69,0.24,0.0,0.07,0.24,0.21,0.83,0.4,0.182,1.0,307,Rodney,6.0,4.0,McGruder,F-G,"{'id': 9, 'abbreviation': 'DET', 'city': 'Detroit', 'conference': 'East', 'division': 'Central', 'full_name': 'Detroit Pistons', 'name': 'Pistons'}",200.0
3,308,2021,25:06,3.0,6.67,2.0,4.0,0.0,0.67,1.0,1.33,2.33,1.0,0.33,0.67,0.67,2.67,8.0,0.45,0.5,0.0,308,Alfonzo,6.0,8.0,McKinnie,F,"{'id': 5, 'abbreviation': 'CHI', 'city': 'Chicago', 'conference': 'East', 'division': 'Central', 'full_name': 'Chicago Bulls', 'name': 'Bulls'}",215.0
32,309,2021,7:01,1.16,2.53,0.94,2.13,0.19,0.22,0.13,0.44,0.56,0.34,0.22,0.0,0.38,0.47,3.44,0.457,0.441,0.857,309,Ben,,,McLemore,G,"{'id': 25, 'abbreviation': 'POR', 'city': 'Portland', 'conference': 'West', 'division': 'Northwest', 'full_name': 'Portland Trail Blazers', 'name': 'Trail Blazers'}",
29,313,2021,24:04,3.76,9.28,1.69,4.9,0.93,1.28,0.93,3.1,4.03,2.76,1.69,0.66,1.55,1.72,10.14,0.405,0.345,0.73,313,De'Anthony,6.0,4.0,Melton,G,"{'id': 15, 'abbreviation': 'MEM', 'city': 'Memphis', 'conference': 'West', 'division': 'Southwest', 'full_name': 'Memphis Grizzlies', 'name': 'Grizzlies'}",200.0
38,314,2021,14:51,2.16,5.39,0.68,2.58,0.95,1.16,0.5,3.53,4.03,0.76,0.68,0.53,0.84,0.92,5.95,0.4,0.265,0.818,314,Chimezie,6.0,10.0,Metu,F,"{'id': 26, 'abbreviation': 'SAC', 'city': 'Sacramento', 'conference': 'West', 'division': 'Pacific', 'full_name': 'Sacramento Kings', 'name': 'Kings'}",225.0
21,315,2021,30:56,6.1,14.86,2.19,6.24,3.43,3.9,0.62,5.1,5.71,4.9,1.1,0.14,3.05,2.1,17.81,0.41,0.351,0.878,315,Khris,6.0,8.0,Middleton,F,"{'id': 17, 'abbreviation': 'MIL', 'city': 'Milwaukee', 'conference': 'East', 'division': 'Central', 'full_name': 'Milwaukee Bucks', 'name': 'Bucks'}",222.0
1,316,2021,0:00,0.0,0.0,0.0,0.0,0.0,0.0,0.0,0.0,0.0,0.0,0.0,0.0,0.0,0.0,0.0,0.0,0.0,0.0,316,CJ,6.0,6.0,Miles,F-G,"{'id': 2, 'abbreviation': 'BOS', 'city': 'Boston', 'conference': 'East', 'division': 'Atlantic', 'full_name': 'Boston Celtics', 'name': 'Celtics'}",220.0
21,318,2021,11:10,1.29,3.62,0.29,1.19,0.57,0.81,1.19,2.48,3.67,1.0,0.24,0.33,0.48,2.1,3.43,0.355,0.24,0.706,318,Paul,6.0,8.0,Millsap,F,"{'id': 3, 'abbreviation': 'BKN', 'city': 'Brooklyn', 'conference': 'East', 'division': 'Atlantic', 'full_name': 'Brooklyn Nets', 'name': 'Nets'}",246.0
30,319,2021,30:09,4.87,11.0,3.17,7.37,0.73,0.83,0.3,1.77,2.07,2.47,0.6,0.27,1.07,1.33,13.63,0.442,0.43,0.88,319,Patty,6.0,0.0,Mills,G,"{'id': 3, 'abbreviation': 'BKN', 'city': 'Brooklyn', 'conference': 'East', 'division': 'Atlantic', 'full_name': 'Brooklyn Nets', 'name': 'Nets'}",180.0
26,320,2021,25:12,4.15,9.5,0.96,3.0,1.58,1.85,0.5,2.54,3.04,2.96,0.73,0.38,1.23,2.0,10.85,0.437,0.321,0.854,320,Shake,6.0,6.0,Milton,G,"{'id': 23, 'abbreviation': 'PHI', 'city': 'Philadelphia', 'conference': 'East', 'division': 'Atlantic', 'full_name': 'Philadelphia 76ers', 'name': '76ers'}",207.0
30,322,2021,32:12,9.13,20.27,3.1,9.3,3.17,3.67,0.87,2.87,3.73,4.97,1.6,0.2,2.97,2.37,24.53,0.451,0.333,0.864,322,Donovan,6.0,3.0,Mitchell,G,"{'id': 29, 'abbreviation': 'UTA', 'city': 'Utah', 'conference': 'West', 'division': 'Northwest', 'full_name': 'Utah Jazz', 'name': 'Jazz'}",215.0
28,324,2021,23:46,3.64,8.14,1.71,4.75,0.71,0.89,0.39,2.36,2.75,2.21,0.71,0.25,1.29,1.46,9.71,0.447,0.361,0.8,324,Malik,6.0,3.0,Monk,G,"{'id': 14, 'abbreviation': 'LAL', 'city': 'Los Angeles', 'conference': 'West', 'division': 'Pacific', 'full_name': 'Los Angeles Lakers', 'name': 'Lakers'}",200.0
1,326,2021,19:18,0.0,4.0,0.0,1.0,0.0,0.0,2.0,3.0,5.0,3.0,2.0,0.0,1.0,1.0,0.0,0.0,0.0,0.0,326,E'Twaun,6.0,4.0,Moore,G,"{'id': 22, 'abbreviation': 'ORL', 'city': 'Orlando', 'conference': 'East', 'division': 'Southeast', 'full_name': 'Orlando Magic', 'name': 'Magic'}",191.0
6,327,2021,22:22,5.0,8.5,1.67,3.67,0.83,1.0,0.33,3.0,3.33,2.0,0.67,0.17,1.0,1.5,12.5,0.588,0.455,0.833,327,Jaylen,6.0,5.0,Morris,G,"{'id': 27, 'abbreviation': 'SAS', 'city': 'San Antonio', 'conference': 'West', 'division': 'Southwest', 'full_name': 'San Antonio Spurs', 'name': 'Spurs'}",185.0
13,328,2021,29:39,5.23,12.08,2.0,5.38,1.31,1.69,0.46,4.31,4.77,1.92,0.54,0.31,1.38,2.23,13.77,0.433,0.371,0.773,328,Marcus,6.0,9.0,Morris,F,"{'id': 13, 'abbreviation': 'LAC', 'city': 'LA', 'conference': 'West', 'division': 'Pacific', 'full_name': 'LA Clippers', 'name': 'Clippers'}",235.0
11,329,2021,18:54,3.0,6.91,0.73,2.27,0.73,0.82,1.18,1.55,2.73,1.27,0.45,0.18,1.09,2.27,7.45,0.434,0.32,0.889,329,Markieff,,,Morris,F,"{'id': 16, 'abbreviation': 'MIA', 'city': 'Miami', 'conference': 'East', 'division': 'Southeast', 'full_name': 'Miami Heat', 'name': 'Heat'}",
30,330,2021,29:52,5.27,10.93,1.6,4.27,0.5,0.73,0.23,2.47,2.7,4.3,0.77,0.2,1.3,1.5,12.63,0.482,0.375,0.682,330,Monte,6.0,3.0,Morris,G,"{'id': 8, 'abbreviation': 'DEN', 'city': 'Denver', 'conference': 'West', 'division': 'Northwest', 'full_name': 'Denver Nuggets', 'name': 'Nuggets'}",175.0
5,333,2021,23:01,4.4,9.0,1.0,3.0,0.4,0.4,0.6,2.2,2.8,7.2,0.6,0.2,2.2,1.6,10.2,0.489,0.333,1.0,333,Emmanuel,6.0,5.0,Mudiay,G,"{'id': 25, 'abbreviation': 'POR', 'city': 'Portland', 'conference': 'West', 'division': 'Northwest', 'full_name': 'Portland Trail Blazers', 'name': 'Trail Blazers'}",200.0
31,334,2021,33:52,7.55,16.87,1.35,4.0,1.65,2.32,1.1,7.19,8.29,8.45,1.94,0.35,2.35,1.97,18.1,0.447,0.339,0.708,334,Dejounte,6.0,5.0,Murray,G,"{'id': 27, 'abbreviation': 'SAS', 'city': 'San Antonio', 'conference': 'West', 'division': 'Southwest', 'full_name': 'San Antonio Spurs', 'name': 'Spurs'}",170.0
25,337,2021,13:26,2.4,5.28,1.52,3.56,1.52,1.76,0.4,2.64,3.04,0.48,0.28,0.44,0.4,1.04,7.84,0.455,0.427,0.864,337,Mike,6.0,11.0,Muscala,F-C,"{'id': 21, 'abbreviation': 'OKC', 'city': 'Oklahoma City', 'conference': 'West', 'division': 'Northwest', 'full_name': 'Oklahoma City Thunder', 'name': 'Thunder'}",240.0
30,338,2021,18:00,2.5,6.0,1.1,3.37,0.8,0.93,0.6,2.0,2.6,1.23,0.67,0.1,0.77,1.37,6.9,0.417,0.327,0.857,338,Svi,6.0,8.0,Mykhailiuk,G,"{'id': 28, 'abbreviation': 'TOR', 'city': 'Toronto', 'conference': 'East', 'division': 'Atlantic', 'full_name': 'Toronto Raptors', 'name': 'Raptors'}",205.0
16,339,2021,10:33,1.0,2.63,0.31,1.0,0.38,0.63,0.31,1.75,2.06,0.44,0.69,0.31,0.81,1.31,2.69,0.381,0.313,0.6,339,Abdel,6.0,6.0,Nader,F,"{'id': 24, 'abbreviation': 'PHX', 'city': 'Phoenix', 'conference': 'West', 'division': 'Pacific', 'full_name': 'Phoenix Suns', 'name': 'Suns'}",225.0
32,340,2021,21:44,2.47,4.78,0.41,1.53,0.75,1.25,1.44,4.03,5.47,1.63,0.91,0.38,0.78,1.53,6.09,0.516,0.265,0.6,340,Larry,6.0,9.0,Nance Jr.,F,"{'id': 25, 'abbreviation': 'POR', 'city': 'Portland', 'conference': 'West', 'division': 'Northwest', 'full_name': 'Portland Trail Blazers', 'name': 'Trail Blazers'}",230.0
30,343,2021,20:14,3.17,7.0,0.43,1.73,1.17,1.6,0.17,1.93,2.1,2.6,0.77,0.03,1.2,1.6,7.93,0.452,0.25,0.729,343,Raul,6.0,1.0,Neto,G,"{'id': 30, 'abbreviation': 'WAS', 'city': 'Washington', 'conference': 'East', 'division': 'Southeast', 'full_name': 'Washington Wizards', 'name': 'Wizards'}",179.0
29,344,2021,23:29,3.69,8.38,1.86,4.97,0.97,1.14,0.21,2.24,2.45,1.45,0.62,0.31,0.86,2.48,10.21,0.44,0.375,0.848,344,Georges,6.0,8.0,Niang,F,"{'id': 23, 'abbreviation': 'PHI', 'city': 'Philadelphia', 'conference': 'East', 'division': 'Atlantic', 'full_name': 'Philadelphia 76ers', 'name': '76ers'}",230.0
16,345,2021,23:05,1.38,2.69,0.0,0.13,0.81,1.0,2.25,3.75,6.0,0.75,1.0,1.44,0.88,2.56,3.56,0.512,0.0,0.813,345,Nerlens,6.0,11.0,Noel,F-C,"{'id': 20, 'abbreviation': 'NYK', 'city': 'New York', 'conference': 'East', 'division': 'Atlantic', 'full_name': 'New York Knicks', 'name': 'Knicks'}",220.0
24,347,2021,10:22,1.21,3.46,0.63,1.88,0.5,0.5,0.13,1.21,1.33,1.04,0.54,0.13,0.46,0.88,3.54,0.349,0.333,1.0,347,Frank,6.0,6.0,Ntilikina,G,"{'id': 7, 'abbreviation': 'DAL', 'city': 'Dallas', 'conference': 'West', 'division': 'Southwest', 'full_name': 'Dallas Mavericks', 'name': 'Mavericks'}",200.0
32,349,2021,25:14,5.06,8.91,0.22,0.91,2.84,3.84,2.41,7.69,10.09,2.38,1.03,0.47,2.25,3.16,13.19,0.568,0.241,0.74,349,Jusuf,7.0,0.0,Nurkic,C,"{'id': 25, 'abbreviation': 'POR', 'city': 'Portland', 'conference': 'West', 'division': 'Northwest', 'full_name': 'Portland Trail Blazers', 'name': 'Trail Blazers'}",275.0
31,350,2021,8:50,1.32,2.68,0.13,0.71,0.61,0.94,0.55,1.9,2.45,0.52,0.42,0.23,0.35,0.9,3.39,0.494,0.182,0.655,350,David,6.0,4.0,Nwaba,G,"{'id': 11, 'abbreviation': 'HOU', 'city': 'Houston', 'conference': 'West', 'division': 'Southwest', 'full_name': 'Houston Rockets', 'name': 'Rockets'}",219.0
29,351,2021,30:19,2.72,5.72,1.48,3.86,0.66,0.93,1.0,4.14,5.14,2.41,1.38,0.62,1.03,2.24,7.59,0.476,0.384,0.704,351,Royce,6.0,6.0,O'Neale,F,"{'id': 29, 'abbreviation': 'UTA', 'city': 'Utah', 'conference': 'West', 'division': 'Northwest', 'full_name': 'Utah Jazz', 'name': 'Jazz'}",226.0
12,353,2021,19:38,1.08,4.5,0.58,2.67,0.42,0.58,1.83,2.08,3.92,0.33,0.25,0.42,0.33,1.5,3.17,0.241,0.219,0.714,353,Semi,6.0,7.0,Ojeleye,F,"{'id': 17, 'abbreviation': 'MIL', 'city': 'Milwaukee', 'conference': 'East', 'division': 'Central', 'full_name': 'Milwaukee Bucks', 'name': 'Bucks'}",241.0
1,354,2021,13:14,0.0,0.0,0.0,0.0,2.0,2.0,0.0,2.0,2.0,2.0,0.0,0.0,0.0,4.0,2.0,0.0,0.0,1.0,354,Jahlil,6.0,11.0,Okafor,C,"{'id': 1, 'abbreviation': 'ATL', 'city': 'Atlanta', 'conference': 'East', 'division': 'Southeast', 'full_name': 'Atlanta Hawks', 'name': 'Hawks'}",275.0
26,356,2021,11:24,0.73,2.08,0.27,0.92,0.62,1.04,0.73,0.96,1.69,0.69,0.58,0.27,0.38,1.15,2.35,0.352,0.292,0.593,356,Josh,6.0,4.0,Okogie,G,"{'id': 18, 'abbreviation': 'MIN', 'city': 'Minnesota', 'conference': 'West', 'division': 'Northwest', 'full_name': 'Minnesota Timberwolves', 'name': 'Timberwolves'}",212.0
10,358,2021,22:57,4.5,9.8,1.4,4.1,2.1,3.5,1.3,4.0,5.3,2.3,1.4,0.7,1.5,2.7,12.5,0.459,0.341,0.6,358,Kelly,7.0,0.0,Olynyk,F,"{'id': 9, 'abbreviation': 'DET', 'city': 'Detroit', 'conference': 'East', 'division': 'Central', 'full_name': 'Detroit Pistons', 'name': 'Pistons'}",240.0
26,359,2021,21:13,3.85,8.38,2.27,5.54,1.04,1.5,0.42,2.04,2.46,1.77,1.0,0.31,0.92,1.73,11.0,0.459,0.41,0.692,359,Cedi,6.0,8.0,Osman,F,"{'id': 6, 'abbreviation': 'CLE', 'city': 'Cleveland', 'conference': 'East', 'division': 'Central', 'full_name': 'Cleveland Cavaliers', 'name': 'Cavaliers'}",215.0
34,360,2021,28:33,5.91,13.12,2.74,7.44,1.41,2.18,1.09,2.91,4.0,1.26,1.06,0.41,1.03,2.59,15.97,0.451,0.368,0.649,360,Kelly,6.0,7.0,Oubre Jr.,F,"{'id': 4, 'abbreviation': 'CHA', 'city': 'Charlotte', 'conference': 'East', 'division': 'Southeast', 'full_name': 'Charlotte Hornets', 'name': 'Hornets'}",205.0
27,362,2021,3:06,0.52,1.0,0.19,0.33,0.3,0.3,0.15,0.59,0.74,0.15,0.11,0.04,0.19,0.41,1.52,0.519,0.556,1.0,362,Jabari,6.0,8.0,Parker,F,"{'id': 2, 'abbreviation': 'BOS', 'city': 'Boston', 'conference': 'East', 'division': 'Atlantic', 'full_name': 'Boston Celtics', 'name': 'Celtics'}",245.0
1,365,2021,0:00,0.0,0.0,0.0,0.0,0.0,0.0,0.0,0.0,0.0,0.0,0.0,0.0,0.0,0.0,0.0,0.0,0.0,0.0,365,Patrick,6.0,9.0,Patterson,F,"{'id': 25, 'abbreviation': 'POR', 'city': 'Portland', 'conference': 'West', 'division': 'Northwest', 'full_name': 'Portland Trail Blazers', 'name': 'Trail Blazers'}",230.0
6,366,2021,1:48,0.17,0.67,0.0,0.0,0.33,0.33,0.33,0.17,0.5,0.0,0.0,0.17,0.17,0.0,0.67,0.25,0.0,1.0,366,Justin,7.0,0.0,Patton,C,"{'id': 20, 'abbreviation': 'NYK', 'city': 'New York', 'conference': 'East', 'division': 'Atlantic', 'full_name': 'New York Knicks', 'name': 'Knicks'}",241.0
30,367,2021,30:59,5.17,10.63,0.93,2.77,2.7,3.3,0.23,3.6,3.83,9.73,1.93,0.3,2.27,2.07,13.97,0.486,0.337,0.818,367,Chris,6.0,0.0,Paul,G,"{'id': 24, 'abbreviation': 'PHX', 'city': 'Phoenix', 'conference': 'West', 'division': 'Pacific', 'full_name': 'Phoenix Suns', 'name': 'Suns'}",175.0
25,368,2021,20:20,3.8,9.76,1.04,3.48,1.8,2.12,0.44,2.68,3.12,3.56,0.6,0.32,2.0,1.96,10.44,0.389,0.299,0.849,368,Cameron,,,Payne,G,"{'id': 24, 'abbreviation': 'PHX', 'city': 'Phoenix', 'conference': 'West', 'division': 'Pacific', 'full_name': 'Phoenix Suns', 'name': 'Suns'}",
30,369,2021,7:08,0.93,2.23,0.07,0.2,0.27,0.43,0.33,0.73,1.07,1.33,0.23,0.07,0.73,0.53,2.2,0.418,0.333,0.615,369,Elfrid,6.0,4.0,Payton,G,"{'id': 24, 'abbreviation': 'PHX', 'city': 'Phoenix', 'conference': 'West', 'division': 'Pacific', 'full_name': 'Phoenix Suns', 'name': 'Suns'}",185.0
6,370,2021,18:10,1.33,5.83,0.67,3.0,1.5,1.5,0.33,1.83,2.17,2.83,1.0,0.0,1.17,2.17,4.83,0.229,0.222,1.0,370,Theo,6.0,6.0,Pinson,G-F,"{'id': 7, 'abbreviation': 'DAL', 'city': 'Dallas', 'conference': 'West', 'division': 'Southwest', 'full_name': 'Dallas Mavericks', 'name': 'Mavericks'}",218.0
25,371,2021,24:45,2.72,4.64,0.0,0.04,0.88,2.32,2.4,4.8,7.2,2.8,0.76,0.88,1.24,2.96,6.32,0.586,0.0,0.379,371,Mason,6.0,11.0,Plumlee,F-C,"{'id': 4, 'abbreviation': 'CHA', 'city': 'Charlotte', 'conference': 'East', 'division': 'Southeast', 'full_name': 'Charlotte Hornets', 'name': 'Hornets'}",235.0
24,373,2021,28:34,5.5,9.17,0.0,0.0,0.83,2.29,4.17,4.58,8.75,2.67,0.67,1.63,1.5,3.04,11.83,0.6,0.0,0.364,373,Jakob,7.0,0.0,Poeltl,C,"{'id': 27, 'abbreviation': 'SAS', 'city': 'San Antonio', 'conference': 'West', 'division': 'Southwest', 'full_name': 'San Antonio Spurs', 'name': 'Spurs'}",230.0
10,375,2021,28:43,4.6,11.8,1.3,5.3,0.7,1.2,1.1,5.5,6.6,1.8,1.0,0.2,1.3,1.6,11.2,0.39,0.245,0.583,375,Michael,6.0,10.0,Porter Jr.,F,"{'id': 8, 'abbreviation': 'DEN', 'city': 'Denver', 'conference': 'West', 'division': 'Northwest', 'full_name': 'Denver Nuggets', 'name': 'Nuggets'}",210.0
27,376,2021,19:46,2.81,6.11,1.67,4.11,0.74,0.93,0.7,4.04,4.74,1.04,0.81,0.44,0.59,1.3,8.04,0.461,0.405,0.8,376,Otto,6.0,8.0,Porter Jr.,F,"{'id': 10, 'abbreviation': 'GSW', 'city': 'Golden State', 'conference': 'West', 'division': 'Pacific', 'full_name': 'Golden State Warriors', 'name': 'Warriors'}",198.0
25,377,2021,28:26,5.96,12.6,1.88,4.68,1.84,2.32,2.88,6.16,9.04,1.4,0.92,1.0,1.6,2.52,15.64,0.473,0.402,0.793,377,Bobby,6.0,11.0,Portis,F,"{'id': 17, 'abbreviation': 'MIL', 'city': 'Milwaukee', 'conference': 'East', 'division': 'Central', 'full_name': 'Milwaukee Bucks', 'name': 'Bucks'}",250.0
22,378,2021,29:51,6.86,15.68,1.55,5.45,4.09,4.55,2.14,5.73,7.86,2.0,0.73,1.59,1.36,2.41,19.36,0.438,0.283,0.9,378,Kristaps,7.0,3.0,Porzingis,F-C,"{'id': 7, 'abbreviation': 'DAL', 'city': 'Dallas', 'conference': 'West', 'division': 'Southwest', 'full_name': 'Dallas Mavericks', 'name': 'Mavericks'}",240.0
29,379,2021,19:10,2.1,3.66,0.24,0.69,1.03,1.48,1.9,2.48,4.38,1.1,0.41,0.48,0.72,2.45,5.48,0.575,0.35,0.698,379,Dwight,6.0,11.0,Powell,F-C,"{'id': 7, 'abbreviation': 'DAL', 'city': 'Dallas', 'conference': 'West', 'division': 'Southwest', 'full_name': 'Dallas Mavericks', 'name': 'Mavericks'}",240.0
26,401,2021,24:27,4.69,10.54,1.42,3.54,1.15,1.19,0.81,2.19,3.0,3.96,0.85,0.46,1.5,0.58,11.96,0.445,0.402,0.968,401,Derrick,6.0,3.0,Rose,G,"{'id': 20, 'abbreviation': 'NYK', 'city': 'New York', 'conference': 'East', 'division': 'Atlantic', 'full_name': 'New York Knicks', 'name': 'Knicks'}",200.0
29,402,2021,25:27,3.66,9.41,1.31,4.59,2.24,2.66,0.38,2.1,2.48,2.17,0.66,0.24,1.55,1.31,10.86,0.388,0.286,0.844,402,Terrence,6.0,7.0,Ross,G-F,"{'id': 22, 'abbreviation': 'ORL', 'city': 'Orlando', 'conference': 'East', 'division': 'Southeast', 'full_name': 'Orlando Magic', 'name': 'Magic'}",206.0
25,403,2021,31:21,6.0,14.4,2.36,6.92,1.92,2.32,0.56,2.88,3.44,3.36,1.12,0.48,1.24,1.4,16.28,0.417,0.341,0.828,403,Terry,6.0,1.0,Rozier,G,"{'id': 4, 'abbreviation': 'CHA', 'city': 'Charlotte', 'conference': 'East', 'division': 'Southeast', 'full_name': 'Charlotte Hornets', 'name': 'Hornets'}",190.0
31,404,2021,28:22,4.23,11.65,1.71,5.03,2.55,3.0,0.39,3.52,3.9,6.58,1.32,0.16,2.65,2.29,12.71,0.363,0.34,0.849,404,Ricky,6.0,4.0,Rubio,G,"{'id': 6, 'abbreviation': 'CLE', 'city': 'Cleveland', 'conference': 'East', 'division': 'Central', 'full_name': 'Cleveland Cavaliers', 'name': 'Cavaliers'}",190.0
26,405,2021,32:01,6.5,16.38,2.96,8.58,2.92,3.65,0.42,3.5,3.92,6.19,0.88,0.62,2.58,2.04,18.88,0.397,0.345,0.8,405,D'Angelo,6.0,5.0,Russell,G,"{'id': 18, 'abbreviation': 'MIN', 'city': 'Minnesota', 'conference': 'West', 'division': 'Northwest', 'full_name': 'Minnesota Timberwolves', 'name': 'Timberwolves'}",198.0
31,406,2021,34:04,7.0,11.87,0.71,2.42,3.58,4.71,3.29,8.55,11.84,4.16,1.1,0.35,3.0,3.23,18.29,0.59,0.293,0.76,406,Domantas,6.0,11.0,Sabonis,F,"{'id': 12, 'abbreviation': 'IND', 'city': 'Indiana', 'conference': 'East', 'division': 'Central', 'full_name': 'Indiana Pacers', 'name': 'Pacers'}",240.0
32,408,2021,12:31,0.84,2.63,0.09,0.72,0.44,0.56,0.5,1.16,1.66,1.75,0.25,0.0,0.63,0.97,2.22,0.321,0.13,0.778,408,Tomas,6.0,7.0,Satoransky,G-F,"{'id': 19, 'abbreviation': 'NOP', 'city': 'New Orleans', 'conference': 'West', 'division': 'Southwest', 'full_name': 'New Orleans Pelicans', 'name': 'Pelicans'}",210.0
29,409,2021,32:22,5.9,13.69,1.45,4.45,3.17,3.52,0.59,2.93,3.52,4.66,0.9,0.07,2.52,2.38,16.41,0.431,0.326,0.902,409,Dennis,6.0,1.0,Schroder,G,"{'id': 2, 'abbreviation': 'BOS', 'city': 'Boston', 'conference': 'East', 'division': 'Atlantic', 'full_name': 'Boston Celtics', 'name': 'Celtics'}",172.0
33,412,2021,3:17,0.39,1.06,0.21,0.48,0.21,0.24,0.09,0.21,0.3,0.3,0.12,0.06,0.15,0.39,1.21,0.371,0.437,0.875,412,Wayne,6.0,5.0,Selden,G-F,"{'id': 20, 'abbreviation': 'NYK', 'city': 'New York', 'conference': 'East', 'division': 'Atlantic', 'full_name': 'New York Knicks', 'name': 'Knicks'}",230.0
11,413,2021,28:45,6.18,13.64,1.0,4.09,2.64,3.55,1.18,2.09,3.27,2.09,0.91,0.0,2.91,2.27,16.0,0.453,0.244,0.744,413,Collin,6.0,2.0,Sexton,G,"{'id': 6, 'abbreviation': 'CLE', 'city': 'Cleveland', 'conference': 'East', 'division': 'Central', 'full_name': 'Cleveland Cavaliers', 'name': 'Cavaliers'}",190.0
29,414,2021,20:52,2.79,7.24,1.86,4.83,1.03,1.24,0.28,2.07,2.34,1.69,0.38,0.07,0.55,1.17,8.48,0.386,0.386,0.833,414,Landry,6.0,5.0,Shamet,G,"{'id': 24, 'abbreviation': 'PHX', 'city': 'Phoenix', 'conference': 'West', 'division': 'Pacific', 'full_name': 'Phoenix Suns', 'name': 'Suns'}",188.0
17,416,2021,34:26,7.35,15.65,1.06,3.53,3.35,4.53,1.88,5.71,7.59,3.71,0.65,0.82,2.18,3.29,19.12,0.47,0.3,0.74,416,Pascal,6.0,9.0,Siakam,F,"{'id': 28, 'abbreviation': 'TOR', 'city': 'Toronto', 'conference': 'East', 'division': 'Atlantic', 'full_name': 'Toronto Raptors', 'name': 'Raptors'}",230.0
1,417,2021,0:00,0.0,0.0,0.0,0.0,0.0,0.0,0.0,0.0,0.0,0.0,0.0,0.0,0.0,0.0,0.0,0.0,0.0,0.0,417,Ben,6.0,10.0,Simmons,G-F,"{'id': 23, 'abbreviation': 'PHI', 'city': 'Philadelphia', 'conference': 'East', 'division': 'Atlantic', 'full_name': 'Philadelphia 76ers', 'name': '76ers'}",230.0
28,419,2021,23:30,4.57,10.39,2.14,5.5,1.07,1.14,0.57,1.93,2.5,2.25,0.39,0.14,1.14,1.71,12.36,0.44,0.39,0.938,419,Anfernee,6.0,4.0,Simons,G,"{'id': 25, 'abbreviation': 'POR', 'city': 'Portland', 'conference': 'West', 'division': 'Northwest', 'full_name': 'Portland Trail Blazers', 'name': 'Trail Blazers'}",185.0
31,420,2021,33:53,3.81,9.71,1.26,4.52,1.81,2.39,0.61,3.29,3.9,5.42,1.97,0.29,1.97,2.35,10.68,0.392,0.279,0.757,420,Marcus,6.0,4.0,Smart,G,"{'id': 2, 'abbreviation': 'BOS', 'city': 'Boston', 'conference': 'East', 'division': 'Atlantic', 'full_name': 'Boston Celtics', 'name': 'Celtics'}",220.0
30,421,2021,9:42,1.23,2.9,0.17,0.63,0.77,1.07,0.2,1.07,1.27,1.77,0.73,0.2,1.0,0.83,3.4,0.425,0.263,0.719,421,Dennis,6.0,3.0,Smith Jr.,G,"{'id': 25, 'abbreviation': 'POR', 'city': 'Portland', 'conference': 'West', 'division': 'Northwest', 'full_name': 'Portland Trail Blazers', 'name': 'Trail Blazers'}",195.0
29,422,2021,10:32,1.66,4.03,0.17,0.41,0.14,0.34,0.1,0.83,0.93,1.76,0.41,0.17,0.79,0.76,3.62,0.41,0.417,0.4,422,Ish,6.0,0.0,Smith,G,"{'id': 4, 'abbreviation': 'CHA', 'city': 'Charlotte', 'conference': 'East', 'division': 'Southeast', 'full_name': 'Charlotte Hornets', 'name': 'Hornets'}",175.0
24,426,2021,10:58,0.63,1.92,0.46,1.5,0.13,0.13,0.13,1.13,1.25,0.63,0.17,0.13,0.21,0.88,1.83,0.326,0.306,1.0,426,Tony,6.0,7.0,Snell,G,"{'id': 25, 'abbreviation': 'POR', 'city': 'Portland', 'conference': 'West', 'division': 'Northwest', 'full_name': 'Portland Trail Blazers', 'name': 'Trail Blazers'}",213.0
5,428,2021,7:54,0.6,2.8,0.0,1.8,0.6,0.6,1.0,2.2,3.2,0.2,0.0,0.6,0.4,0.6,1.8,0.214,0.0,1.0,428,Omari,6.0,9.0,Spellman,F,"{'id': 5, 'abbreviation': 'CHI', 'city': 'Chicago', 'conference': 'East', 'division': 'Central', 'full_name': 'Chicago Bulls', 'name': 'Bulls'}",245.0
32,434,2021,36:13,9.0,21.41,2.72,8.31,4.91,5.97,1.13,7.5,8.63,3.66,1.03,0.69,2.81,2.44,25.63,0.42,0.327,0.822,434,Jayson,6.0,8.0,Tatum,F,"{'id': 2, 'abbreviation': 'BOS', 'city': 'Boston', 'conference': 'East', 'division': 'Atlantic', 'full_name': 'Boston Celtics', 'name': 'Celtics'}",208.0
30,436,2021,18:13,1.8,4.73,1.03,2.97,0.63,0.8,0.73,2.07,2.8,1.03,0.87,0.53,0.9,1.6,5.27,0.38,0.348,0.792,436,Garrett,6.0,6.0,Temple,G-F,"{'id': 19, 'abbreviation': 'NOP', 'city': 'New Orleans', 'conference': 'West', 'division': 'Southwest', 'full_name': 'New Orleans Pelicans', 'name': 'Pelicans'}",195.0
29,439,2021,15:45,2.34,4.72,0.62,2.07,0.79,1.07,0.79,2.76,3.55,0.55,0.31,0.45,0.86,1.69,6.1,0.496,0.3,0.742,439,Daniel,6.0,8.0,Theis,F,"{'id': 11, 'abbreviation': 'HOU', 'city': 'Houston', 'conference': 'West', 'division': 'Southwest', 'full_name': 'Houston Rockets', 'name': 'Rockets'}",243.0
2,440,2021,26:59,5.0,11.5,2.5,6.5,3.5,4.5,0.5,1.5,2.0,1.0,0.0,0.5,2.0,2.5,16.0,0.435,0.385,0.778,440,Isaiah,5.0,9.0,Thomas,G,"{'id': 14, 'abbreviation': 'LAL', 'city': 'Los Angeles', 'conference': 'West', 'division': 'Pacific', 'full_name': 'Los Angeles Lakers', 'name': 'Lakers'}",185.0
5,441,2021,11:00,1.0,3.6,0.8,2.2,1.2,1.6,0.4,1.0,1.4,1.4,0.2,0.0,1.0,1.0,4.0,0.278,0.364,0.75,441,Khyri,6.0,3.0,Thomas,G,"{'id': 11, 'abbreviation': 'HOU', 'city': 'Houston', 'conference': 'West', 'division': 'Southwest', 'full_name': 'Houston Rockets', 'name': 'Rockets'}",210.0
33,444,2021,12:06,2.18,4.09,0.0,0.0,0.88,1.7,2.15,2.33,4.48,0.52,0.24,0.27,0.82,1.27,5.24,0.533,0.0,0.518,444,Tristan,6.0,10.0,Thompson,C-F,"{'id': 26, 'abbreviation': 'SAC', 'city': 'Sacramento', 'conference': 'West', 'division': 'Pacific', 'full_name': 'Sacramento Kings', 'name': 'Kings'}",238.0
30,447,2021,33:41,8.53,16.77,2.37,5.63,4.67,5.7,2.83,6.1,8.93,3.47,1.03,1.1,3.37,3.67,24.1,0.509,0.42,0.819,447,Karl-Anthony,7.0,0.0,Towns,C,"{'id': 18, 'abbreviation': 'MIN', 'city': 'Minnesota', 'conference': 'West', 'division': 'Northwest', 'full_name': 'Minnesota Timberwolves', 'name': 'Timberwolves'}",248.0
32,450,2021,27:48,3.0,5.97,1.31,2.84,0.5,0.66,1.63,3.84,5.47,2.09,0.72,0.34,0.94,2.31,7.81,0.503,0.462,0.762,450,PJ,6.0,6.0,Tucker,F,"{'id': 16, 'abbreviation': 'MIA', 'city': 'Miami', 'conference': 'East', 'division': 'Southeast', 'full_name': 'Miami Heat', 'name': 'Heat'}",245.0
30,452,2021,29:34,4.67,9.13,1.73,4.8,1.87,2.5,1.5,5.93,7.43,1.0,0.57,2.9,1.3,2.53,12.93,0.511,0.361,0.747,452,Myles,6.0,11.0,Turner,C-F,"{'id': 12, 'abbreviation': 'IND', 'city': 'Indiana', 'conference': 'East', 'division': 'Central', 'full_name': 'Indiana Pacers', 'name': 'Pacers'}",250.0
31,455,2021,31:36,7.35,13.87,1.06,2.29,3.13,3.84,3.55,8.35,11.9,2.45,0.61,0.97,2.32,3.13,18.9,0.53,0.465,0.815,455,Jonas,7.0,0.0,Valanciunas,C,"{'id': 19, 'abbreviation': 'NOP', 'city': 'New Orleans', 'conference': 'West', 'division': 'Southwest', 'full_name': 'New Orleans Pelicans', 'name': 'Pelicans'}",265.0
31,456,2021,4:05,0.39,1.32,0.29,0.87,0.0,0.0,0.19,0.45,0.65,0.19,0.16,0.0,0.26,0.35,1.06,0.293,0.333,0.0,456,Denzel,6.0,6.0,Valentine,G,"{'id': 6, 'abbreviation': 'CLE', 'city': 'Cleveland', 'conference': 'East', 'division': 'Central', 'full_name': 'Cleveland Cavaliers', 'name': 'Cavaliers'}",210.0
30,457,2021,24:33,2.5,4.43,0.07,0.33,0.93,1.3,3.1,5.43,8.53,1.13,1.5,0.77,1.13,2.8,6.0,0.564,0.2,0.718,457,Jarred,6.0,9.0,Vanderbilt,F,"{'id': 18, 'abbreviation': 'MIN', 'city': 'Minnesota', 'conference': 'West', 'division': 'Northwest', 'full_name': 'Minnesota Timberwolves', 'name': 'Timberwolves'}",214.0
29,458,2021,37:21,6.9,16.03,3.31,8.45,2.55,3.0,0.76,4.34,5.1,6.72,1.62,0.55,3.03,2.48,19.66,0.43,0.392,0.851,458,Fred,6.0,0.0,VanVleet,G,"{'id': 28, 'abbreviation': 'TOR', 'city': 'Toronto', 'conference': 'East', 'division': 'Atlantic', 'full_name': 'Toronto Raptors', 'name': 'Raptors'}",195.0
22,460,2021,33:05,6.36,15.55,1.68,4.91,1.05,1.64,1.73,8.68,10.41,3.55,0.91,1.0,1.5,2.27,15.45,0.409,0.343,0.639,460,Nikola,7.0,0.0,Vucevic,C,"{'id': 5, 'abbreviation': 'CHI', 'city': 'Chicago', 'conference': 'East', 'division': 'Central', 'full_name': 'Chicago Bulls', 'name': 'Bulls'}",260.0
29,481,2021,11:41,2.17,5.41,0.55,1.59,1.03,1.24,0.24,1.03,1.28,1.03,0.59,0.07,0.83,0.76,5.93,0.401,0.348,0.833,481,Lou,6.0,1.0,Williams,G,"{'id': 1, 'abbreviation': 'ATL', 'city': 'Atlanta', 'conference': 'East', 'division': 'Southeast', 'full_name': 'Atlanta Hawks', 'name': 'Hawks'}",175.0
1,484,2021,0:00,0.0,0.0,0.0,0.0,0.0,0.0,0.0,0.0,0.0,0.0,0.0,0.0,0.0,0.0,0.0,0.0,0.0,0.0,484,D.J.,6.0,10.0,Wilson,F,"{'id': 21, 'abbreviation': 'OKC', 'city': 'Oklahoma City', 'conference': 'West', 'division': 'Northwest', 'full_name': 'Oklahoma City Thunder', 'name': 'Thunder'}",231.0
28,485,2021,8:29,1.04,2.5,0.18,0.64,0.11,0.29,0.46,1.64,2.11,0.93,0.36,0.29,0.86,0.64,2.36,0.414,0.278,0.375,485,Justise,6.0,7.0,Winslow,F,"{'id': 13, 'abbreviation': 'LAC', 'city': 'LA', 'conference': 'West', 'division': 'Pacific', 'full_name': 'LA Clippers', 'name': 'Clippers'}",225.0
29,486,2021,31:37,6.38,13.83,1.62,4.72,2.52,4.31,1.97,9.07,11.03,2.21,0.59,1.0,1.83,2.59,16.9,0.461,0.343,0.584,486,Christian,6.0,10.0,Wood,F,"{'id': 11, 'abbreviation': 'HOU', 'city': 'Houston', 'conference': 'West', 'division': 'Southwest', 'full_name': 'Houston Rockets', 'name': 'Rockets'}",214.0
30,487,2021,13:34,0.97,2.47,0.3,0.83,0.57,0.7,0.63,1.83,2.47,2.07,0.6,0.17,0.6,0.5,2.8,0.392,0.36,0.81,487,Delon,6.0,5.0,Wright,G,"{'id': 1, 'abbreviation': 'ATL', 'city': 'Atlanta', 'conference': 'East', 'division': 'Southeast', 'full_name': 'Atlanta Hawks', 'name': 'Hawks'}",183.0
31,489,2021,10:03,2.06,3.68,0.0,0.1,0.26,0.58,1.06,1.35,2.42,1.74,0.65,0.19,0.71,0.97,4.39,0.561,0.0,0.444,489,Thaddeus,6.0,8.0,Young,F,"{'id': 27, 'abbreviation': 'SAS', 'city': 'San Antonio', 'conference': 'West', 'division': 'Southwest', 'full_name': 'San Antonio Spurs', 'name': 'Spurs'}",221.0
30,490,2021,33:35,9.33,20.43,2.63,7.07,5.53,6.2,0.8,3.1,3.9,9.07,1.0,0.1,4.07,1.7,26.83,0.457,0.373,0.892,490,Trae,6.0,2.0,Young,G,"{'id': 1, 'abbreviation': 'ATL', 'city': 'Atlanta', 'conference': 'East', 'division': 'Southeast', 'full_name': 'Atlanta Hawks', 'name': 'Hawks'}",180.0
26,491,2021,12:43,1.77,3.04,0.0,0.15,1.46,1.88,1.69,2.77,4.46,0.77,0.27,0.23,0.69,2.0,5.0,0.582,0.0,0.776,491,Cody,7.0,0.0,Zeller,C,"{'id': 25, 'abbreviation': 'POR', 'city': 'Portland', 'conference': 'West', 'division': 'Northwest', 'full_name': 'Portland Trail Blazers', 'name': 'Trail Blazers'}",240.0
32,493,2021,24:24,3.53,5.34,0.0,0.0,2.41,3.25,2.44,5.47,7.91,1.06,0.56,1.16,1.31,2.38,9.47,0.661,0.0,0.74,493,Ivica,7.0,1.0,Zubac,C,"{'id': 13, 'abbreviation': 'LAC', 'city': 'LA', 'conference': 'West', 'division': 'Pacific', 'full_name': 'LA Clippers', 'name': 'Clippers'}",240.0
21,237,2021,36:53,10.14,19.71,2.62,7.57,3.9,5.1,0.71,6.0,6.71,6.52,1.67,1.0,3.57,2.29,26.81,0.514,0.346,0.766,237,LeBron,6.0,8.0,James,F,"{'id': 14, 'abbreviation': 'LAL', 'city': 'Los Angeles', 'conference': 'West', 'division': 'Pacific', 'full_name': 'Los Angeles Lakers', 'name': 'Lakers'}",250.0
32,240,2021,6:56,0.88,1.75,0.03,0.19,0.53,0.69,1.0,1.47,2.47,0.5,0.13,0.03,0.44,0.72,2.31,0.5,0.167,0.773,240,Alize,6.0,9.0,Johnson,F,"{'id': 5, 'abbreviation': 'CHI', 'city': 'Chicago', 'conference': 'East', 'division': 'Central', 'full_name': 'Chicago Bulls', 'name': 'Bulls'}",212.0
25,242,2021,13:05,1.52,3.16,0.2,0.64,0.24,0.56,0.68,2.16,2.84,1.4,0.36,0.28,0.44,1.72,3.48,0.481,0.313,0.429,242,James,6.0,8.0,Johnson,F,"{'id': 3, 'abbreviation': 'BKN', 'city': 'Brooklyn', 'conference': 'East', 'division': 'Atlantic', 'full_name': 'Brooklyn Nets', 'name': 'Nets'}",240.0
1,244,2021,11:01,1.0,3.0,1.0,3.0,0.0,0.0,1.0,3.0,4.0,0.0,0.0,0.0,0.0,1.0,3.0,0.333,0.333,0.0,244,Tyler,6.0,4.0,Johnson,G,"{'id': 23, 'abbreviation': 'PHI', 'city': 'Philadelphia', 'conference': 'East', 'division': 'Atlantic', 'full_name': 'Philadelphia 76ers', 'name': '76ers'}",190.0
27,246,2021,31:13,9.85,17.15,1.56,4.26,3.67,4.85,2.33,10.67,13.0,6.93,1.22,0.74,3.37,2.33,24.93,0.575,0.365,0.756,246,Nikola,7.0,0.0,Jokic,C,"{'id': 8, 'abbreviation': 'DEN', 'city': 'Denver', 'conference': 'West', 'division': 'Northwest', 'full_name': 'Denver Nuggets', 'name': 'Nuggets'}",250.0
27,247,2021,15:15,2.15,3.74,0.3,0.96,1.11,1.33,1.11,1.81,2.93,0.44,0.44,0.78,0.44,1.93,5.7,0.574,0.308,0.833,247,Derrick,6.0,7.0,Jones Jr.,F-G,"{'id': 5, 'abbreviation': 'CHI', 'city': 'Chicago', 'conference': 'East', 'division': 'Central', 'full_name': 'Chicago Bulls', 'name': 'Bulls'}",200.0
34,248,2021,5:16,0.76,1.26,0.09,0.12,0.44,0.62,0.56,0.97,1.53,0.29,0.06,0.24,0.41,0.62,2.06,0.605,0.75,0.714,248,Damian,7.0,0.0,Jones,C,"{'id': 26, 'abbreviation': 'SAC', 'city': 'Sacramento', 'conference': 'West', 'division': 'Pacific', 'full_name': 'Sacramento Kings', 'name': 'Kings'}",245.0
32,249,2021,21:16,2.94,6.47,0.97,2.41,0.75,0.84,0.25,2.34,2.59,4.13,0.91,0.06,0.75,0.41,7.59,0.454,0.403,0.889,249,Tyus,6.0,2.0,Jones,G,"{'id': 15, 'abbreviation': 'MEM', 'city': 'Memphis', 'conference': 'West', 'division': 'Southwest', 'full_name': 'Memphis Grizzlies', 'name': 'Grizzlies'}",196.0
33,250,2021,10:48,1.7,2.52,0.0,0.0,0.3,0.52,1.33,3.36,4.7,0.24,0.27,0.7,0.58,1.39,3.7,0.675,0.0,0.588,250,DeAndre,6.0,11.0,Jordan,C,"{'id': 14, 'abbreviation': 'LAL', 'city': 'Los Angeles', 'conference': 'West', 'division': 'Pacific', 'full_name': 'Los Angeles Lakers', 'name': 'Lakers'}",265.0
31,251,2021,19:11,2.16,4.84,0.65,1.71,1.26,1.52,0.26,1.52,1.77,3.13,0.68,0.16,1.32,1.45,6.23,0.447,0.377,0.83,251,Cory,6.0,3.0,Joseph,G,"{'id': 9, 'abbreviation': 'DET', 'city': 'Detroit', 'conference': 'East', 'division': 'Central', 'full_name': 'Detroit Pistons', 'name': 'Pistons'}",193.0
14,252,2021,14:30,2.71,5.29,0.43,1.29,1.29,1.43,0.79,2.36,3.14,1.14,0.57,0.5,0.36,1.14,7.14,0.514,0.333,0.9,252,Frank,7.0,0.0,Kaminsky,F-C,"{'id': 24, 'abbreviation': 'PHX', 'city': 'Phoenix', 'conference': 'West', 'division': 'Pacific', 'full_name': 'Phoenix Suns', 'name': 'Suns'}",242.0
33,253,2021,8:36,1.27,2.42,0.03,0.12,0.48,0.61,1.52,2.15,3.67,0.12,0.12,0.3,0.45,0.82,3.06,0.525,0.25,0.8,253,Enes,,,Kanter,C,"{'id': 2, 'abbreviation': 'BOS', 'city': 'Boston', 'conference': 'East', 'division': 'Atlantic', 'full_name': 'Boston Celtics', 'name': 'Celtics'}",
32,254,2021,28:56,4.06,9.41,2.72,6.16,0.75,0.81,0.19,3.38,3.56,2.03,0.75,0.06,0.78,1.47,11.59,0.432,0.442,0.923,254,Luke,6.0,5.0,Kennard,G,"{'id': 13, 'abbreviation': 'LAC', 'city': 'LA', 'conference': 'West', 'division': 'Pacific', 'full_name': 'LA Clippers', 'name': 'Clippers'}",206.0
6,256,2021,14:24,2.33,5.33,1.67,3.5,1.33,1.5,0.67,2.0,2.67,0.33,0.83,0.0,1.0,0.5,7.67,0.437,0.476,0.889,256,George,6.0,6.0,King,F,"{'id': 7, 'abbreviation': 'DAL', 'city': 'Dallas', 'conference': 'West', 'division': 'Southwest', 'full_name': 'Dallas Mavericks', 'name': 'Mavericks'}",220.0
20,257,2021,23:34,2.45,5.7,1.5,4.1,0.85,1.15,1.2,4.65,5.85,1.0,0.35,0.8,0.55,2.15,7.25,0.43,0.366,0.739,257,Maxi,6.0,11.0,Kleber,F,"{'id': 7, 'abbreviation': 'DAL', 'city': 'Dallas', 'conference': 'West', 'division': 'Southwest', 'full_name': 'Dallas Mavericks', 'name': 'Mavericks'}",240.0
6,258,2021,17:08,2.17,7.67,0.83,5.17,1.0,1.0,0.17,1.0,1.17,1.33,0.17,0.0,2.0,2.5,6.17,0.283,0.161,1.0,258,Brandon,6.0,3.0,Knight,G,"{'id': 7, 'abbreviation': 'DAL', 'city': 'Dallas', 'conference': 'West', 'division': 'Southwest', 'full_name': 'Dallas Mavericks', 'name': 'Mavericks'}",195.0
28,259,2021,2:32,0.36,0.93,0.29,0.68,0.18,0.29,0.18,0.32,0.5,0.11,0.07,0.0,0.07,0.07,1.18,0.385,0.421,0.625,259,Kevin,6.0,9.0,Knox,F,"{'id': 20, 'abbreviation': 'NYK', 'city': 'New York', 'conference': 'East', 'division': 'Atlantic', 'full_name': 'New York Knicks', 'name': 'Knicks'}",215.0
29,260,2021,22:05,3.1,8.38,1.34,4.83,0.93,1.14,0.31,2.52,2.83,2.28,0.59,0.14,0.83,0.76,8.48,0.37,0.279,0.818,260,Furkan,6.0,7.0,Korkmaz,G-F,"{'id': 23, 'abbreviation': 'PHI', 'city': 'Philadelphia', 'conference': 'East', 'division': 'Atlantic', 'full_name': 'Philadelphia 76ers', 'name': '76ers'}",190.0
1,261,2021,1:57,0.0,0.0,0.0,0.0,0.0,0.0,0.0,0.0,0.0,1.0,0.0,0.0,0.0,0.0,0.0,0.0,0.0,0.0,261,Luke,7.0,1.0,Kornet,F-C,"{'id': 6, 'abbreviation': 'CLE', 'city': 'Cleveland', 'conference': 'East', 'division': 'Central', 'full_name': 'Cleveland Cavaliers', 'name': 'Cavaliers'}",250.0
30,265,2021,32:19,4.8,11.5,1.87,5.7,1.33,2.0,0.97,6.93,7.9,2.83,0.63,0.7,1.87,2.13,12.8,0.417,0.327,0.667,265,Kyle,6.0,9.0,Kuzma,F,"{'id': 30, 'abbreviation': 'WAS', 'city': 'Washington', 'conference': 'East', 'division': 'Southeast', 'full_name': 'Washington Wizards', 'name': 'Wizards'}",220.0
6,266,2021,8:17,0.33,1.33,0.0,0.17,0.67,1.0,0.0,1.67,1.67,0.67,0.0,0.33,0.17,1.5,1.33,0.25,0.0,0.667,266,Skal,6.0,11.0,Labissiere,F,"{'id': 27, 'abbreviation': 'SAS', 'city': 'San Antonio', 'conference': 'West', 'division': 'Southwest', 'full_name': 'San Antonio Spurs', 'name': 'Spurs'}",235.0
30,267,2021,12:23,1.87,5.17,0.9,2.63,1.37,1.47,0.4,1.87,2.27,1.2,0.37,0.3,0.43,0.9,6.0,0.361,0.342,0.932,267,Jeremy,6.0,5.0,Lamb,G,"{'id': 12, 'abbreviation': 'IND', 'city': 'Indiana', 'conference': 'East', 'division': 'Central', 'full_name': 'Indiana Pacers', 'name': 'Pacers'}",185.0
27,268,2021,35:06,9.52,19.44,2.93,7.48,4.07,4.81,0.33,4.96,5.3,4.22,0.52,0.33,2.67,1.59,26.04,0.49,0.391,0.846,268,Zach,6.0,5.0,LaVine,G,"{'id': 5, 'abbreviation': 'CHI', 'city': 'Chicago', 'conference': 'East', 'division': 'Central', 'full_name': 'Chicago Bulls', 'name': 'Bulls'}",200.0
33,269,2021,3:16,0.39,1.0,0.12,0.48,0.03,0.09,0.12,0.45,0.58,0.03,0.09,0.06,0.21,0.21,0.94,0.394,0.25,0.333,269,Jake,6.0,9.0,Layman,F,"{'id': 18, 'abbreviation': 'MIN', 'city': 'Minnesota', 'conference': 'West', 'division': 'Northwest', 'full_name': 'Minnesota Timberwolves', 'name': 'Timberwolves'}",215.0
26,272,2021,20:33,3.04,6.92,1.19,3.42,1.04,1.19,0.31,2.65,2.96,1.0,0.42,0.12,0.58,1.54,8.31,0.439,0.348,0.871,272,Damion,6.0,6.0,Lee,G,"{'id': 10, 'abbreviation': 'GSW', 'city': 'Golden State', 'conference': 'West', 'division': 'Pacific', 'full_name': 'Golden State Warriors', 'name': 'Warriors'}",210.0
30,273,2021,12:15,1.73,3.27,0.2,0.5,0.83,1.33,0.87,2.17,3.03,0.7,0.2,0.73,0.8,2.17,4.5,0.531,0.4,0.625,273,Alex,7.0,1.0,Len,C,"{'id': 26, 'abbreviation': 'SAC', 'city': 'Sacramento', 'conference': 'West', 'division': 'Pacific', 'full_name': 'Sacramento Kings', 'name': 'Kings'}",250.0
25,277,2021,29:22,6.48,14.96,1.44,4.6,2.28,2.8,0.48,2.48,2.96,3.64,1.0,0.52,1.64,1.96,16.68,0.433,0.313,0.814,277,Caris,6.0,7.0,LeVert,G,"{'id': 12, 'abbreviation': 'IND', 'city': 'Indiana', 'conference': 'East', 'division': 'Central', 'full_name': 'Indiana Pacers', 'name': 'Pacers'}",204.0
27,278,2021,35:54,7.7,18.78,3.26,9.67,4.96,5.56,0.48,3.67,4.15,7.33,0.59,0.37,2.78,1.3,23.63,0.41,0.337,0.893,278,Damian,6.0,3.0,Lillard,G,"{'id': 25, 'abbreviation': 'POR', 'city': 'Portland', 'conference': 'West', 'division': 'Northwest', 'full_name': 'Portland Trail Blazers', 'name': 'Trail Blazers'}",195.0
33,282,2021,18:34,2.39,4.36,0.0,0.03,0.94,1.61,2.21,3.97,6.18,1.33,0.48,0.76,0.64,2.48,5.73,0.549,0.0,0.585,282,Kevon,6.0,9.0,Looney,F,"{'id': 10, 'abbreviation': 'GSW', 'city': 'Golden State', 'conference': 'West', 'division': 'Pacific', 'full_name': 'Golden State Warriors', 'name': 'Warriors'}",220.0
1,283,2021,28:10,3.0,9.0,2.0,4.0,0.0,0.0,2.0,3.0,5.0,0.0,1.0,3.0,0.0,3.0,8.0,0.333,0.5,0.0,283,Brook,7.0,0.0,Lopez,C,"{'id': 17, 'abbreviation': 'MIL', 'city': 'Milwaukee', 'conference': 'East', 'division': 'Central', 'full_name': 'Milwaukee Bucks', 'name': 'Bucks'}",270.0
34,284,2021,7:55,1.65,2.85,0.0,0.06,0.35,0.59,1.03,0.71,1.74,0.85,0.03,0.26,0.53,0.88,3.65,0.577,0.0,0.6,284,Robin,7.0,0.0,Lopez,C,"{'id': 22, 'abbreviation': 'ORL', 'city': 'Orlando', 'conference': 'East', 'division': 'Southeast', 'full_name': 'Orlando Magic', 'name': 'Magic'}",275.0
24,285,2021,20:04,3.83,8.96,2.08,5.29,2.67,2.83,1.13,6.21,7.33,2.0,0.29,0.25,1.13,1.25,12.42,0.428,0.394,0.941,285,Kevin,6.0,10.0,Love,F-C,"{'id': 6, 'abbreviation': 'CLE', 'city': 'Cleveland', 'conference': 'East', 'division': 'Central', 'full_name': 'Cleveland Cavaliers', 'name': 'Cavaliers'}",251.0
32,286,2021,33:57,4.66,10.88,2.09,6.38,2.22,2.66,0.56,4.06,4.63,8.19,1.03,0.34,3.09,2.63,13.63,0.428,0.328,0.835,286,Kyle,6.0,1.0,Lowry,G,"{'id': 16, 'abbreviation': 'MIA', 'city': 'Miami', 'conference': 'East', 'division': 'Southeast', 'full_name': 'Miami Heat', 'name': 'Heat'}",196.0
30,288,2021,9:39,0.97,2.77,0.63,1.83,0.33,0.37,0.17,0.87,1.03,0.47,0.23,0.1,0.2,1.0,2.9,0.349,0.345,0.909,288,Timothe,6.0,6.0,Luwawu-Cabarrot,G-F,"{'id': 1, 'abbreviation': 'ATL', 'city': 'Atlanta', 'conference': 'East', 'division': 'Southeast', 'full_name': 'Atlanta Hawks', 'name': 'Hawks'}",210.0
31,290,2021,17:16,2.74,6.35,0.84,2.77,2.1,2.52,1.23,3.0,4.23,0.97,0.29,0.39,1.0,1.58,8.42,0.431,0.302,0.833,290,Trey,6.0,10.0,Lyles,F,"{'id': 9, 'abbreviation': 'DET', 'city': 'Detroit', 'conference': 'East', 'division': 'Central', 'full_name': 'Detroit Pistons', 'name': 'Pistons'}",234.0
30,296,2021,3:05,1.17,1.87,0.03,0.1,0.27,0.53,0.23,0.73,0.97,0.07,0.0,0.07,0.33,0.6,2.63,0.625,0.333,0.5,296,Boban,7.0,3.0,Marjanovic,C,"{'id': 7, 'abbreviation': 'DAL', 'city': 'Dallas', 'conference': 'West', 'division': 'Southwest', 'full_name': 'Dallas Mavericks', 'name': 'Mavericks'}",290.0
23,297,2021,30:18,4.78,11.96,2.09,6.52,1.74,2.09,1.13,4.09,5.22,1.26,0.78,0.48,0.83,1.57,13.39,0.4,0.32,0.833,297,Lauri,7.0,0.0,Markkanen,F,"{'id': 6, 'abbreviation': 'CLE', 'city': 'Cleveland', 'conference': 'East', 'division': 'Central', 'full_name': 'Cleveland Cavaliers', 'name': 'Cavaliers'}",240.0
5,298,2021,11:16,2.0,3.6,0.4,1.0,1.2,1.4,1.0,2.4,3.4,0.8,0.8,0.2,1.0,1.4,5.6,0.556,0.4,0.857,298,Jarell,6.0,10.0,Martin,F,"{'id': 29, 'abbreviation': 'UTA', 'city': 'Utah', 'conference': 'West', 'division': 'Northwest', 'full_name': 'Utah Jazz', 'name': 'Jazz'}",239.0
32,100,2021,24:41,5.19,13.66,2.59,8.53,1.44,1.78,0.75,2.47,3.22,2.16,0.66,0.25,1.22,1.53,14.41,0.38,0.304,0.807,100,Jordan,6.0,5.0,Clarkson,G,"{'id': 29, 'abbreviation': 'UTA', 'city': 'Utah', 'conference': 'West', 'division': 'Northwest', 'full_name': 'Utah Jazz', 'name': 'Jazz'}",194.0
33,101,2021,31:45,6.42,11.64,1.27,3.09,3.0,3.73,1.73,6.06,7.79,1.97,0.7,1.12,1.15,3.0,17.12,0.552,0.412,0.805,101,John,6.0,10.0,Collins,F-C,"{'id': 1, 'abbreviation': 'ATL', 'city': 'Atlanta', 'conference': 'East', 'division': 'Southeast', 'full_name': 'Atlanta Hawks', 'name': 'Hawks'}",235.0
29,104,2021,27:37,4.93,10.31,2.48,5.66,1.21,1.48,0.41,2.03,2.45,5.24,1.07,0.31,1.66,1.86,13.55,0.478,0.439,0.814,104,Mike,6.0,1.0,Conley,G,"{'id': 29, 'abbreviation': 'UTA', 'city': 'Utah', 'conference': 'West', 'division': 'Northwest', 'full_name': 'Utah Jazz', 'name': 'Jazz'}",175.0
34,105,2021,29:06,4.29,8.85,2.56,6.29,0.76,0.97,0.82,3.97,4.79,1.38,1.09,0.32,0.76,1.35,11.91,0.485,0.407,0.788,105,Pat,6.0,4.0,Connaughton,G,"{'id': 17, 'abbreviation': 'MIL', 'city': 'Milwaukee', 'conference': 'East', 'division': 'Central', 'full_name': 'Milwaukee Bucks', 'name': 'Bucks'}",209.0
1,106,2021,0:00,0.0,0.0,0.0,0.0,0.0,0.0,0.0,0.0,0.0,0.0,0.0,0.0,0.0,0.0,0.0,0.0,0.0,0.0,106,Quinn,6.0,2.0,Cook,G,"{'id': 25, 'abbreviation': 'POR', 'city': 'Portland', 'conference': 'West', 'division': 'Northwest', 'full_name': 'Portland Trail Blazers', 'name': 'Trail Blazers'}",179.0
11,107,2021,16:51,2.91,6.73,0.64,2.82,1.91,2.27,1.64,4.0,5.64,1.45,1.0,0.36,1.18,2.64,8.36,0.432,0.226,0.84,107,DeMarcus,6.0,11.0,Cousins,C,"{'id': 17, 'abbreviation': 'MIL', 'city': 'Milwaukee', 'conference': 'East', 'division': 'Central', 'full_name': 'Milwaukee Bucks', 'name': 'Bucks'}",270.0
33,108,2021,27:29,2.48,6.36,1.52,4.61,0.09,0.09,0.67,4.39,5.06,1.21,1.24,1.21,1.03,2.39,6.58,0.39,0.329,1.0,108,Robert,6.0,9.0,Covington,F,"{'id': 25, 'abbreviation': 'POR', 'city': 'Portland', 'conference': 'West', 'division': 'Northwest', 'full_name': 'Portland Trail Blazers', 'name': 'Trail Blazers'}",225.0
32,110,2021,13:55,1.84,3.69,0.56,1.78,0.53,0.69,1.06,1.84,2.91,0.78,0.34,0.22,0.56,1.53,4.78,0.5,0.316,0.773,110,Torrey,6.0,7.0,Craig,F,"{'id': 12, 'abbreviation': 'IND', 'city': 'Indiana', 'conference': 'East', 'division': 'Central', 'full_name': 'Indiana Pacers', 'name': 'Pacers'}",215.0
32,112,2021,27:06,3.13,7.63,1.78,5.13,1.0,1.25,0.38,4.16,4.53,1.31,1.13,0.53,0.94,2.31,9.03,0.41,0.348,0.8,112,Jae,6.0,6.0,Crowder,F,"{'id': 24, 'abbreviation': 'PHX', 'city': 'Phoenix', 'conference': 'West', 'division': 'Pacific', 'full_name': 'Phoenix Suns', 'name': 'Suns'}",235.0
30,114,2021,34:06,6.17,11.73,2.13,5.13,1.8,2.07,0.43,2.43,2.87,3.13,0.9,0.17,1.7,2.4,16.27,0.526,0.416,0.871,114,Seth,6.0,2.0,Curry,G,"{'id': 23, 'abbreviation': 'PHI', 'city': 'Philadelphia', 'conference': 'East', 'division': 'Atlantic', 'full_name': 'Philadelphia 76ers', 'name': '76ers'}",185.0
31,115,2021,34:01,8.84,20.19,5.32,13.19,4.23,4.55,0.65,4.71,5.35,5.9,1.58,0.45,3.42,1.87,27.23,0.438,0.403,0.929,115,Stephen,6.0,3.0,Curry,G,"{'id': 10, 'abbreviation': 'GSW', 'city': 'Golden State', 'conference': 'West', 'division': 'Pacific', 'full_name': 'Golden State Warriors', 'name': 'Warriors'}",190.0
26,117,2021,35:18,9.31,17.96,0.38,2.12,4.5,6.19,2.77,7.15,9.92,2.81,1.23,2.04,2.27,2.27,23.5,0.518,0.182,0.727,117,Anthony,6.0,10.0,Davis,F-C,"{'id': 14, 'abbreviation': 'LAL', 'city': 'Los Angeles', 'conference': 'West', 'division': 'Pacific', 'full_name': 'Los Angeles Lakers', 'name': 'Lakers'}",253.0
31,118,2021,3:25,0.29,0.39,0.0,0.0,0.03,0.13,0.16,1.03,1.19,0.03,0.1,0.23,0.1,0.48,0.61,0.75,0.0,0.25,118,Ed,6.0,10.0,Davis,C,"{'id': 6, 'abbreviation': 'CLE', 'city': 'Cleveland', 'conference': 'East', 'division': 'Central', 'full_name': 'Cleveland Cavaliers', 'name': 'Cavaliers'}",225.0
34,120,2021,17:10,2.5,4.35,0.35,0.62,1.06,1.41,1.79,4.26,6.06,0.88,0.41,0.44,0.91,2.12,6.41,0.574,0.571,0.75,120,Dewayne,7.0,0.0,Dedmon,C,"{'id': 16, 'abbreviation': 'MIA', 'city': 'Miami', 'conference': 'East', 'division': 'Southeast', 'full_name': 'Miami Heat', 'name': 'Heat'}",245.0
11,121,2021,0:19,0.09,0.09,0.0,0.0,0.0,0.0,0.0,0.0,0.0,0.0,0.0,0.0,0.09,0.0,0.18,1.0,0.0,0.0,121,Sam,6.0,9.0,Dekker,F,"{'id': 28, 'abbreviation': 'TOR', 'city': 'Toronto', 'conference': 'East', 'division': 'Atlantic', 'full_name': 'Toronto Raptors', 'name': 'Raptors'}",230.0
26,125,2021,35:06,9.58,19.15,0.77,2.31,6.88,7.69,0.62,4.5,5.12,4.23,0.85,0.35,1.96,2.23,26.81,0.5,0.333,0.895,125,DeMar,6.0,7.0,DeRozan,G,"{'id': 5, 'abbreviation': 'CHI', 'city': 'Chicago', 'conference': 'East', 'division': 'Central', 'full_name': 'Chicago Bulls', 'name': 'Bulls'}",220.0
4,126,2021,0:00,0.0,0.0,0.0,0.0,0.0,0.0,0.0,0.0,0.0,0.0,0.0,0.0,0.0,0.0,0.0,0.0,0.0,0.0,126,Marcus,6.0,7.0,Derrickson,F,"{'id': 18, 'abbreviation': 'MIN', 'city': 'Minnesota', 'conference': 'West', 'division': 'Northwest', 'full_name': 'Minnesota Timberwolves', 'name': 'Timberwolves'}",249.0
1,127,2021,2:59,1.0,1.0,0.0,0.0,0.0,0.0,0.0,0.0,0.0,0.0,1.0,0.0,0.0,0.0,2.0,1.0,0.0,0.0,127,Cheick,6.0,9.0,Diallo,F,"{'id': 9, 'abbreviation': 'DET', 'city': 'Detroit', 'conference': 'East', 'division': 'Central', 'full_name': 'Detroit Pistons', 'name': 'Pistons'}",220.0
30,128,2021,14:45,2.6,5.0,0.3,1.03,0.8,1.27,0.67,2.0,2.67,0.77,0.73,0.3,0.63,1.67,6.3,0.52,0.29,0.632,128,Hamidou,6.0,5.0,Diallo,G,"{'id': 9, 'abbreviation': 'DET', 'city': 'Detroit', 'conference': 'East', 'division': 'Central', 'full_name': 'Detroit Pistons', 'name': 'Pistons'}",198.0
33,129,2021,7:43,0.88,2.0,0.39,1.03,0.48,0.64,0.73,2.06,2.79,0.73,0.24,0.27,0.42,1.21,2.64,0.439,0.382,0.762,129,Gorgui,6.0,11.0,Dieng,C,"{'id': 1, 'abbreviation': 'ATL', 'city': 'Atlanta', 'conference': 'East', 'division': 'Southeast', 'full_name': 'Atlanta Hawks', 'name': 'Hawks'}",252.0
27,130,2021,29:32,4.33,11.26,1.63,4.96,2.3,2.93,0.74,4.3,5.04,5.33,0.48,0.19,1.67,2.37,12.59,0.385,0.328,0.785,130,Spencer,6.0,6.0,Dinwiddie,G,"{'id': 30, 'abbreviation': 'WAS', 'city': 'Washington', 'conference': 'East', 'division': 'Southeast', 'full_name': 'Washington Wizards', 'name': 'Wizards'}",210.0
21,132,2021,34:58,9.52,21.29,2.71,8.33,3.86,5.52,0.81,7.19,8.0,8.48,1.05,0.52,4.57,2.52,25.62,0.447,0.326,0.698,132,Luka,6.0,7.0,Doncic,F-G,"{'id': 7, 'abbreviation': 'DAL', 'city': 'Dallas', 'conference': 'West', 'division': 'Southwest', 'full_name': 'Dallas Mavericks', 'name': 'Mavericks'}",218.0
3,134,2021,6:50,0.67,1.33,0.0,0.33,0.0,0.0,0.0,0.67,0.67,0.33,0.0,0.0,0.0,0.0,1.33,0.5,0.0,0.0,134,Damyean,6.0,6.0,Dotson,G,"{'id': 20, 'abbreviation': 'NYK', 'city': 'New York', 'conference': 'East', 'division': 'Atlantic', 'full_name': 'New York Knicks', 'name': 'Knicks'}",210.0
19,135,2021,19:04,2.11,5.63,0.89,2.74,0.63,0.79,0.74,2.79,3.53,1.68,0.68,0.42,0.68,1.74,5.74,0.374,0.327,0.8,135,PJ,6.0,6.0,Dozier,G-F,"{'id': 8, 'abbreviation': 'DEN', 'city': 'Denver', 'conference': 'West', 'division': 'Northwest', 'full_name': 'Denver Nuggets', 'name': 'Nuggets'}",205.0
21,136,2021,5:03,0.76,1.95,0.29,0.9,0.48,0.48,0.19,0.57,0.76,0.43,0.24,0.1,0.1,0.38,2.29,0.39,0.316,1.0,136,Goran,6.0,3.0,Dragic,G,"{'id': 28, 'abbreviation': 'TOR', 'city': 'Toronto', 'conference': 'East', 'division': 'Atlantic', 'full_name': 'Toronto Raptors', 'name': 'Raptors'}",190.0
30,137,2021,19:49,2.6,5.07,0.0,0.03,1.27,2.1,3.03,6.47,9.5,1.97,1.0,1.17,1.8,2.43,6.47,0.513,0.0,0.603,137,Andre,6.0,11.0,Drummond,C,"{'id': 23, 'abbreviation': 'PHI', 'city': 'Philadelphia', 'conference': 'East', 'division': 'Atlantic', 'full_name': 'Philadelphia 76ers', 'name': '76ers'}",279.0
27,140,2021,37:01,10.78,20.59,1.85,4.85,6.33,7.15,0.52,7.33,7.85,5.85,0.63,0.85,3.19,1.78,29.74,0.523,0.382,0.886,140,Kevin,6.0,9.0,Durant,F,"{'id': 3, 'abbreviation': 'BKN', 'city': 'Brooklyn', 'conference': 'East', 'division': 'Atlantic', 'full_name': 'Brooklyn Nets', 'name': 'Nets'}",240.0
25,144,2021,21:59,2.2,5.76,1.96,5.32,0.16,0.2,0.24,1.48,1.72,0.84,0.56,0.08,0.52,1.08,6.52,0.382,0.368,0.8,144,Wayne,,,Ellington,G,"{'id': 14, 'abbreviation': 'LAL', 'city': 'Los Angeles', 'conference': 'West', 'division': 'Pacific', 'full_name': 'Los Angeles Lakers', 'name': 'Lakers'}",
21,145,2021,33:32,7.76,17.38,1.29,3.43,8.19,10.14,1.57,9.19,10.76,4.24,1.14,1.43,2.67,2.67,25.0,0.447,0.375,0.808,145,Joel,7.0,0.0,Embiid,F-C,"{'id': 23, 'abbreviation': 'PHI', 'city': 'Philadelphia', 'conference': 'East', 'division': 'Atlantic', 'full_name': 'Philadelphia 76ers', 'name': '76ers'}",250.0
1,146,2021,12:25,1.0,6.0,1.0,2.0,0.0,0.0,2.0,2.0,4.0,0.0,1.0,1.0,0.0,0.0,3.0,0.167,0.5,0.0,146,James,6.0,7.0,Ennis III,F,"{'id': 3, 'abbreviation': 'BKN', 'city': 'Brooklyn', 'conference': 'East', 'division': 'Atlantic', 'full_name': 'Brooklyn Nets', 'name': 'Nets'}",210.0
32,147,2021,12:47,1.78,3.44,0.06,0.19,1.28,1.59,1.13,2.97,4.09,1.31,0.31,0.75,1.13,1.34,4.91,0.518,0.333,0.804,147,Drew,6.0,10.0,Eubanks,F,"{'id': 27, 'abbreviation': 'SAS', 'city': 'San Antonio', 'conference': 'West', 'division': 'Southwest', 'full_name': 'San Antonio Spurs', 'name': 'Spurs'}",245.0
5,50,2021,22:55,7.0,12.6,1.6,4.4,1.8,2.0,0.6,3.2,3.8,0.4,0.2,0.2,1.6,0.8,17.4,0.556,0.364,0.9,50,Antonio,6.0,4.0,Blakeney,G,"{'id': 25, 'abbreviation': 'POR', 'city': 'Portland', 'conference': 'West', 'division': 'Northwest', 'full_name': 'Portland Trail Blazers', 'name': 'Trail Blazers'}",192.0
33,51,2021,25:57,3.55,8.42,0.88,2.94,1.64,2.06,0.64,3.18,3.82,3.73,1.21,0.36,2.0,1.55,9.61,0.421,0.299,0.794,51,Eric,6.0,1.0,Bledsoe,G,"{'id': 13, 'abbreviation': 'LAC', 'city': 'LA', 'conference': 'West', 'division': 'Pacific', 'full_name': 'LA Clippers', 'name': 'Clippers'}",205.0
5,52,2021,22:32,3.6,8.2,2.8,6.4,0.8,0.8,0.4,2.8,3.2,2.0,0.6,0.0,0.8,1.0,10.8,0.439,0.437,1.0,52,Trevon,6.0,6.0,Bluiett,G-F,"{'id': 6, 'abbreviation': 'CLE', 'city': 'Cleveland', 'conference': 'East', 'division': 'Central', 'full_name': 'Cleveland Cavaliers', 'name': 'Cavaliers'}",198.0
24,53,2021,27:29,4.21,10.29,2.04,5.79,0.83,1.08,0.29,3.13,3.42,2.46,0.83,0.17,0.92,1.88,11.29,0.409,0.353,0.769,53,Bogdan,6.0,6.0,Bogdanovic,G,"{'id': 1, 'abbreviation': 'ATL', 'city': 'Atlanta', 'conference': 'East', 'division': 'Southeast', 'full_name': 'Atlanta Hawks', 'name': 'Hawks'}",205.0
31,54,2021,29:45,5.81,12.16,2.68,6.16,2.9,3.26,0.77,2.87,3.65,1.58,0.48,0.03,1.45,1.61,17.19,0.477,0.435,0.891,54,Bojan,6.0,8.0,Bogdanovic,F,"{'id': 29, 'abbreviation': 'UTA', 'city': 'Utah', 'conference': 'West', 'division': 'Northwest', 'full_name': 'Utah Jazz', 'name': 'Jazz'}",216.0
24,56,2021,2:43,0.17,0.54,0.04,0.13,0.17,0.25,0.17,0.17,0.33,0.17,0.25,0.08,0.08,0.42,0.54,0.308,0.333,0.667,56,Isaac,6.0,8.0,Bonga,G,"{'id': 28, 'abbreviation': 'TOR', 'city': 'Toronto', 'conference': 'East', 'division': 'Atlantic', 'full_name': 'Toronto Raptors', 'name': 'Raptors'}",180.0
25,57,2021,30:45,8.24,17.88,2.56,6.0,3.28,3.8,0.84,4.16,5.0,4.52,0.92,0.24,2.6,2.32,22.32,0.461,0.427,0.863,57,Devin,6.0,6.0,Booker,G,"{'id': 24, 'abbreviation': 'PHX', 'city': 'Phoenix', 'conference': 'West', 'division': 'Pacific', 'full_name': 'Phoenix Suns', 'name': 'Suns'}",210.0
28,58,2021,15:17,2.71,6.21,0.54,2.5,1.18,1.61,1.54,2.86,4.39,0.32,0.39,0.86,0.64,1.57,7.14,0.437,0.214,0.733,58,Chris,6.0,10.0,Boucher,F,"{'id': 28, 'abbreviation': 'TOR', 'city': 'Toronto', 'conference': 'East', 'division': 'Atlantic', 'full_name': 'Toronto Raptors', 'name': 'Raptors'}",200.0
29,59,2021,21:11,2.1,5.24,1.21,3.14,0.07,0.07,0.41,1.86,2.28,0.69,0.86,0.21,0.48,1.45,5.48,0.401,0.385,1.0,59,Avery,6.0,2.0,Bradley,G,"{'id': 14, 'abbreviation': 'LAL', 'city': 'Los Angeles', 'conference': 'West', 'division': 'Pacific', 'full_name': 'Los Angeles Lakers', 'name': 'Lakers'}",180.0
29,60,2021,10:01,1.34,2.34,0.0,0.0,0.24,0.31,1.21,2.28,3.48,0.45,0.17,0.45,0.55,1.07,2.93,0.574,0.0,0.778,60,Tony,6.0,10.0,Bradley,C,"{'id': 5, 'abbreviation': 'CHI', 'city': 'Chicago', 'conference': 'East', 'division': 'Central', 'full_name': 'Chicago Bulls', 'name': 'Bulls'}",248.0
32,61,2021,33:22,4.69,9.22,1.25,3.28,1.16,1.34,0.94,2.97,3.91,1.78,1.28,0.53,0.75,2.03,11.78,0.508,0.381,0.86,61,Mikal,6.0,7.0,Bridges,F,"{'id': 24, 'abbreviation': 'PHX', 'city': 'Phoenix', 'conference': 'West', 'division': 'Pacific', 'full_name': 'Phoenix Suns', 'name': 'Suns'}",210.0
35,62,2021,35:44,7.34,15.54,1.86,6.03,3.0,3.86,1.26,5.91,7.17,3.66,1.09,0.83,1.89,2.51,19.54,0.472,0.308,0.778,62,Miles,6.0,7.0,Bridges,F,"{'id': 4, 'abbreviation': 'CHA', 'city': 'Charlotte', 'conference': 'East', 'division': 'Southeast', 'full_name': 'Charlotte Hornets', 'name': 'Hornets'}",225.0
26,65,2021,34:15,6.69,15.0,1.77,5.69,3.85,4.5,0.92,4.42,5.35,6.08,0.88,0.42,2.23,2.08,19.0,0.446,0.311,0.855,65,Malcolm,6.0,5.0,Brogdon,G,"{'id': 12, 'abbreviation': 'IND', 'city': 'Indiana', 'conference': 'East', 'division': 'Central', 'full_name': 'Indiana Pacers', 'name': 'Pacers'}",229.0
19,66,2021,29:13,7.16,16.84,1.68,5.11,3.32,3.74,0.74,2.68,3.42,2.74,1.21,0.11,1.89,3.47,19.32,0.425,0.33,0.887,66,Dillon,6.0,6.0,Brooks,G-F,"{'id': 15, 'abbreviation': 'MEM', 'city': 'Memphis', 'conference': 'West', 'division': 'Southwest', 'full_name': 'Memphis Grizzlies', 'name': 'Grizzlies'}",220.0
27,68,2021,8:30,1.11,2.7,0.3,1.11,0.37,0.52,0.3,1.37,1.67,0.56,0.22,0.04,0.26,0.52,2.89,0.411,0.267,0.714,68,Troy,6.0,7.0,Brown Jr.,F,"{'id': 5, 'abbreviation': 'CHI', 'city': 'Chicago', 'conference': 'East', 'division': 'Central', 'full_name': 'Chicago Bulls', 'name': 'Bulls'}",215.0
25,69,2021,21:33,2.88,6.16,0.32,1.0,0.52,0.68,1.36,2.76,4.12,1.08,1.2,0.4,0.64,2.44,6.6,0.468,0.32,0.765,69,Bruce,6.0,5.0,Brown,G,"{'id': 3, 'abbreviation': 'BKN', 'city': 'Brooklyn', 'conference': 'East', 'division': 'Atlantic', 'full_name': 'Brooklyn Nets', 'name': 'Nets'}",202.0
19,70,2021,32:33,8.0,17.26,2.89,7.53,3.68,4.74,0.68,4.58,5.26,2.68,1.21,0.47,2.74,2.53,22.58,0.463,0.385,0.778,70,Jaylen,6.0,7.0,Brown,G,"{'id': 2, 'abbreviation': 'BOS', 'city': 'Boston', 'conference': 'East', 'division': 'Atlantic', 'full_name': 'Boston Celtics', 'name': 'Celtics'}",220.0
23,72,2021,15:00,1.39,3.83,0.7,2.43,0.17,0.17,0.83,3.17,4.0,0.91,0.48,0.09,0.7,1.22,3.65,0.364,0.286,1.0,72,Sterling,6.0,6.0,Brown,G,"{'id': 7, 'abbreviation': 'DAL', 'city': 'Dallas', 'conference': 'West', 'division': 'Southwest', 'full_name': 'Dallas Mavericks', 'name': 'Mavericks'}",232.0
30,73,2021,30:24,6.03,12.13,1.1,3.27,2.3,2.97,0.6,3.3,3.9,5.33,0.77,0.07,1.6,1.97,15.47,0.497,0.337,0.775,73,Jalen,6.0,3.0,Brunson,G,"{'id': 7, 'abbreviation': 'DAL', 'city': 'Dallas', 'conference': 'West', 'division': 'Southwest', 'full_name': 'Dallas Mavericks', 'name': 'Mavericks'}",190.0
27,75,2021,23:54,2.07,5.85,1.19,4.33,0.3,0.41,0.22,2.48,2.7,0.85,0.3,0.11,0.59,1.44,5.63,0.354,0.274,0.727,75,Reggie,6.0,7.0,Bullock,G-F,"{'id': 7, 'abbreviation': 'DAL', 'city': 'Dallas', 'conference': 'West', 'division': 'Southwest', 'full_name': 'Dallas Mavericks', 'name': 'Mavericks'}",205.0
28,76,2021,8:38,1.86,4.25,0.54,1.64,0.57,0.61,0.04,0.71,0.75,1.39,0.29,0.0,0.5,0.64,4.82,0.437,0.326,0.941,76,Trey,6.0,1.0,Burke,G,"{'id': 7, 'abbreviation': 'DAL', 'city': 'Dallas', 'conference': 'West', 'division': 'Southwest', 'full_name': 'Dallas Mavericks', 'name': 'Mavericks'}",175.0
32,77,2021,26:55,3.47,9.0,1.94,4.84,2.59,3.16,0.44,3.66,4.09,2.25,1.06,0.25,0.88,2.13,11.47,0.385,0.4,0.822,77,Alec,6.0,6.0,Burks,G,"{'id': 20, 'abbreviation': 'NYK', 'city': 'New York', 'conference': 'East', 'division': 'Atlantic', 'full_name': 'New York Knicks', 'name': 'Knicks'}",214.0
18,79,2021,33:42,7.72,15.17,0.33,1.72,7.06,8.28,1.61,4.17,5.78,5.22,2.17,0.28,1.94,1.61,22.83,0.509,0.194,0.852,79,Jimmy,6.0,8.0,Butler,G-F,"{'id': 16, 'abbreviation': 'MIA', 'city': 'Miami', 'conference': 'East', 'division': 'Southeast', 'full_name': 'Miami Heat', 'name': 'Heat'}",232.0
31,81,2021,29:14,3.94,9.55,2.0,5.29,1.16,1.32,0.55,2.97,3.52,1.65,1.26,0.35,1.16,1.9,11.03,0.412,0.378,0.878,81,Kentavious,6.0,5.0,Caldwell-Pope,G,"{'id': 30, 'abbreviation': 'WAS', 'city': 'Washington', 'conference': 'East', 'division': 'Southeast', 'full_name': 'Washington Wizards', 'name': 'Wizards'}",205.0
30,83,2021,29:28,5.0,8.83,0.0,0.03,1.2,2.5,3.93,8.63,12.57,1.37,0.87,1.53,0.63,2.33,11.2,0.566,0.0,0.48,83,Clint,6.0,10.0,Capela,C,"{'id': 1, 'abbreviation': 'ATL', 'city': 'Atlanta', 'conference': 'East', 'division': 'Southeast', 'full_name': 'Atlanta Hawks', 'name': 'Hawks'}",240.0
32,85,2021,28:36,4.88,9.72,1.28,3.69,1.66,2.25,2.19,7.75,9.94,2.53,0.66,0.69,1.44,2.56,12.69,0.502,0.347,0.736,85,Wendell,6.0,10.0,Carter Jr.,F,"{'id': 22, 'abbreviation': 'ORL', 'city': 'Orlando', 'conference': 'East', 'division': 'Southeast', 'full_name': 'Orlando Magic', 'name': 'Magic'}",255.0
27,87,2021,11:44,0.78,2.81,0.67,2.19,0.11,0.15,0.15,1.33,1.48,1.07,0.33,0.26,0.41,1.15,2.33,0.276,0.305,0.75,87,Jevon,6.0,2.0,Carter,G,"{'id': 3, 'abbreviation': 'BKN', 'city': 'Brooklyn', 'conference': 'East', 'division': 'Atlantic', 'full_name': 'Brooklyn Nets', 'name': 'Nets'}",196.0
26,89,2021,28:02,2.81,6.31,1.08,3.0,1.69,2.04,0.96,2.77,3.73,3.96,2.04,0.35,1.5,2.54,8.38,0.445,0.359,0.83,89,Alex,6.0,5.0,Caruso,G,"{'id': 5, 'abbreviation': 'CHI', 'city': 'Chicago', 'conference': 'East', 'division': 'Central', 'full_name': 'Chicago Bulls', 'name': 'Bulls'}",186.0
18,91,2021,9:50,0.89,1.94,0.06,0.11,0.06,0.11,0.72,1.39,2.11,0.5,0.33,0.17,0.39,0.94,1.89,0.457,0.5,0.5,91,Willie,7.0,0.0,Cauley-Stein,C,"{'id': 7, 'abbreviation': 'DAL', 'city': 'Dallas', 'conference': 'West', 'division': 'Southwest', 'full_name': 'Dallas Mavericks', 'name': 'Mavericks'}",240.0
3,97,2021,14:04,3.33,6.33,0.0,1.33,0.67,1.33,1.67,3.33,5.0,0.0,1.0,0.33,1.33,3.33,7.33,0.526,0.0,0.5,97,Marquese,6.0,10.0,Chriss,F,"{'id': 7, 'abbreviation': 'DAL', 'city': 'Dallas', 'conference': 'West', 'division': 'Southwest', 'full_name': 'Dallas Mavericks', 'name': 'Mavericks'}",240.0
9,98,2021,0:43,0.0,0.0,0.0,0.0,0.11,0.22,0.0,0.22,0.22,0.0,0.0,0.0,0.0,0.0,0.11,0.0,0.0,0.5,98,Gary,6.0,8.0,Clark,F,"{'id': 19, 'abbreviation': 'NOP', 'city': 'New Orleans', 'conference': 'West', 'division': 'Southwest', 'full_name': 'New Orleans Pelicans', 'name': 'Pelicans'}",225.0
